video_id,frame_idx,source_file,label,label_name,joint_0_name,joint_0_x,joint_0_y,joint_1_name,joint_1_x,joint_1_y,joint_2_name,joint_2_x,joint_2_y,joint_3_name,joint_3_x,joint_3_y,joint_4_name,joint_4_x,joint_4_y,joint_5_name,joint_5_x,joint_5_y,joint_6_name,joint_6_x,joint_6_y,joint_7_name,joint_7_x,joint_7_y,joint_8_name,joint_8_x,joint_8_y,joint_9_name,joint_9_x,joint_9_y,joint_10_name,joint_10_x,joint_10_y,joint_11_name,joint_11_x,joint_11_y,joint_12_name,joint_12_x,joint_12_y,joint_13_name,joint_13_x,joint_13_y,joint_14_name,joint_14_x,joint_14_y,num_missing_joints_before_interpolation,all_joints_missing_before_interpolation,num_zero_joints_after_interpolation
Fall__Fall_f_raw_b_3_B_N_157_resized,0,C:\Users\ASUS\Downloads\3D_Human_Pose_NCKH\paper_baselines\lin2021_yolov8_lstm_gru\data\paper_skeleton_csv\Fall\Fall_Fall_f_raw_b_3_B_N_157_resized.csv,1,Fall,nose,-1.2534778,0.1817894,neck,-0.9726368,0.23233093,right_shoulder,-0.74193144,0.345442,right_elbow,-0.062185265,0.3155482,right_wrist,0.14215687,0.06592913,left_shoulder,-1.2033421,0.11921986,left_elbow,-1.2541915,0.15299144,left_wrist,-1.2851425,0.20861422,mid_hip,0.0,0.0,right_hip,0.1224074,0.10063801,right_knee,0.6961118,0.051040955,right_ankle,1.1497778,0.2075373,left_hip,-0.12240751,-0.10063801,left_knee,0.56059104,-0.2217343,left_ankle,1.1179615,-0.0855375,0,0,0
Fall__Fall_f_raw_b_3_B_N_157_resized,1,C:\Users\ASUS\Downloads\3D_Human_Pose_NCKH\paper_baselines\lin2021_yolov8_lstm_gru\data\paper_skeleton_csv\Fall\Fall_Fall_f_raw_b_3_B_N_157_resized.csv,1,Fall,nose,-1.2003512,0.1727927,neck,-0.9744491,0.22460838,right_shoulder,-0.7423298,0.36878458,right_elbow,-0.013357916,0.34000626,right_wrist,0.25379574,0.06289318,left_shoulder,-1.2065682,0.080432296,left_elbow,-1.0869365,0.040522624,left_wrist,-0.8024664,0.035802167,mid_hip,0.0,0.0,right_hip,0.12998791,0.120632835,right_knee,0.80093926,0.055922914,right_ankle,1.3426749,0.22616395,left_hip,-0.12998779,-0.12063296,left_knee,0.679311,-0.24802154,left_ankle,1.308692,-0.0994337,0,0,0
Fall__Fall_f_raw_b_3_B_N_157_resized,2,C:\Users\ASUS\Downloads\3D_Human_Pose_NCKH\paper_baselines\lin2021_yolov8_lstm_gru\data\paper_skeleton_csv\Fall\Fall_Fall_f_raw_b_3_B_N_157_resized.csv,1,Fall,nose,-0.93383366,0.119925015,neck,-0.9862058,0.1655238,right_shoulder,-0.78602725,0.3117949,right_elbow,-0.072463505,0.3502573,right_wrist,0.32699367,0.014691975,left_shoulder,-1.1863843,0.01925254,left_elbow,-1.1406987,-0.0026062543,left_wrist,-0.9568782,-0.04291733,mid_hip,0.0,0.0,right_hip,0.10706603,0.1341752,right_knee,0.9211078,-0.0047448287,right_ankle,1.5455503,0.21185935,left_hip,-0.10706603,-0.13417506,left_knee,0.8150547,-0.32681108,left_ankle,1.4970978,-0.1227859,0,0,0
Fall__Fall_f_raw_b_3_B_N_157_resized,3,C:\Users\ASUS\Downloads\3D_Human_Pose_NCKH\paper_baselines\lin2021_yolov8_lstm_gru\data\paper_skeleton_csv\Fall\Fall_Fall_f_raw_b_3_B_N_157_resized.csv,1,Fall,nose,-1.135596,0.09569623,neck,-0.9830451,0.18336402,right_shoulder,-0.7826145,0.31566402,right_elbow,-0.071032405,0.31310758,right_wrist,0.20286836,0.030461803,left_shoulder,-1.1834756,0.051064264,left_elbow,-1.0824203,0.017707584,left_wrist,-0.9245848,-0.025565524,mid_hip,0.0,0.0,right_hip,0.1096976,0.113194875,right_knee,0.7402699,0.010082036,right_ankle,1.2565913,0.21291775,left_hip,-0.1096976,-0.113194875,left_knee,0.6158326,-0.26002192,left_ankle,1.2206252,-0.07688624,0,0,0
Fall__Fall_f_raw_b_3_B_N_157_resized,4,C:\Users\ASUS\Downloads\3D_Human_Pose_NCKH\paper_baselines\lin2021_yolov8_lstm_gru\data\paper_skeleton_csv\Fall\Fall_Fall_f_raw_b_3_B_N_157_resized.csv,1,Fall,nose,-1.1784054,0.22903684,neck,-0.972969,0.23093557,right_shoulder,-0.7619096,0.35446733,right_elbow,-0.08877595,0.29512352,right_wrist,0.17022595,0.024904497,left_shoulder,-1.1840284,0.10740359,left_elbow,-1.079133,0.07187302,left_wrist,-0.9198718,0.062118884,mid_hip,0.0,0.0,right_hip,0.11578636,0.10422963,right_knee,0.6993143,0.02050928,right_ankle,1.1550502,0.17809775,left_hip,-0.11578648,-0.10422963,left_knee,0.5814848,-0.22685592,left_ankle,1.112611,-0.06480602,0,0,0
Fall__Fall_f_raw_b_3_B_N_157_resized,5,C:\Users\ASUS\Downloads\3D_Human_Pose_NCKH\paper_baselines\lin2021_yolov8_lstm_gru\data\paper_skeleton_csv\Fall\Fall_Fall_f_raw_b_3_B_N_157_resized.csv,1,Fall,nose,-1.2598764,0.14773676,neck,-0.9771712,0.21245366,right_shoulder,-0.77070844,0.3577124,right_elbow,-0.08266323,0.28436562,right_wrist,0.19936149,0.0120170675,left_shoulder,-1.183634,0.06719516,left_elbow,-1.0171582,-0.0024574306,left_wrist,-0.6780387,-0.063829035,mid_hip,0.0,0.0,right_hip,0.115275815,0.11274232,right_knee,0.73153967,0.018518636,right_ankle,1.1959082,0.18983363,left_hip,-0.115275934,-0.1127422,left_knee,0.62372077,-0.24994135,left_ankle,1.1482023,-0.061846785,0,0,0
Fall__Fall_f_raw_b_3_B_N_157_resized,6,C:\Users\ASUS\Downloads\3D_Human_Pose_NCKH\paper_baselines\lin2021_yolov8_lstm_gru\data\paper_skeleton_csv\Fall\Fall_Fall_f_raw_b_3_B_N_157_resized.csv,1,Fall,nose,-1.1623421,0.10716525,neck,-0.98477405,0.17383906,right_shoulder,-0.7716809,0.29058617,right_elbow,-0.09058332,0.2552763,right_wrist,0.19637278,-0.001649866,left_shoulder,-1.1978673,0.057092186,left_elbow,-1.0943651,0.054607023,left_wrist,-0.7590863,-0.049934357,mid_hip,0.0,0.0,right_hip,0.118410364,0.10348695,right_knee,0.71813387,0.020437539,right_ankle,1.183813,0.1677944,left_hip,-0.1184106,-0.10348695,left_knee,0.6181934,-0.21589969,left_ankle,1.1494722,-0.08654636,0,0,0
Fall__Fall_f_raw_b_3_B_N_157_resized,7,C:\Users\ASUS\Downloads\3D_Human_Pose_NCKH\paper_baselines\lin2021_yolov8_lstm_gru\data\paper_skeleton_csv\Fall\Fall_Fall_f_raw_b_3_B_N_157_resized.csv,1,Fall,nose,-1.2113123,0.12692411,neck,-0.9838572,0.17895482,right_shoulder,-0.7811975,0.30463272,right_elbow,-0.10747753,0.24465671,right_wrist,0.19303395,-0.012830927,left_shoulder,-1.186517,0.05327693,left_elbow,-1.0087382,0.021982893,left_wrist,-0.6620289,-0.0636288,mid_hip,0.0,0.0,right_hip,0.11277983,0.10379799,right_knee,0.7224041,0.0001670933,right_ankle,1.1895288,0.17061482,left_hip,-0.1127796,-0.10379787,left_knee,0.62618077,-0.22699183,left_ankle,1.1568104,-0.06886641,0,0,0
Fall__Fall_f_raw_b_3_B_N_157_resized,8,C:\Users\ASUS\Downloads\3D_Human_Pose_NCKH\paper_baselines\lin2021_yolov8_lstm_gru\data\paper_skeleton_csv\Fall\Fall_Fall_f_raw_b_3_B_N_157_resized.csv,1,Fall,nose,-1.1313937,0.14085804,neck,-0.98183036,0.18976128,right_shoulder,-0.80060774,0.29904568,right_elbow,-0.12728278,0.26213282,right_wrist,0.14704823,0.02578142,left_shoulder,-1.1630529,0.08047698,left_elbow,-0.98351634,0.072576776,left_wrist,-0.80784726,-0.005766945,mid_hip,0.0,0.0,right_hip,0.09795967,0.09626627,right_knee,0.6971487,0.012576708,right_ankle,1.1392097,0.16968715,left_hip,-0.09795967,-0.09626638,left_knee,0.61256814,-0.19034098,left_ankle,1.1225,-0.070131816,0,0,0
Fall__Fall_f_raw_b_3_B_N_157_resized,9,C:\Users\ASUS\Downloads\3D_Human_Pose_NCKH\paper_baselines\lin2021_yolov8_lstm_gru\data\paper_skeleton_csv\Fall\Fall_Fall_f_raw_b_3_B_N_157_resized.csv,1,Fall,nose,-1.2012674,0.15207542,neck,-0.97781724,0.20945993,right_shoulder,-0.79657555,0.33348337,right_elbow,-0.15529524,0.25982347,right_wrist,0.12594548,0.016923646,left_shoulder,-1.1590589,0.0854365,left_elbow,-1.0862653,0.027380288,left_wrist,-1.0262321,0.0043258304,mid_hip,0.0,0.0,right_hip,0.09156213,0.100028455,right_knee,0.7142347,-0.0027842547,right_ankle,1.1414604,0.16352564,left_hip,-0.091561906,-0.100028574,left_knee,0.630822,-0.21100567,left_ankle,1.1276277,-0.0724038,0,0,0
Fall__Fall_f_raw_b_3_B_N_157_resized,10,C:\Users\ASUS\Downloads\3D_Human_Pose_NCKH\paper_baselines\lin2021_yolov8_lstm_gru\data\paper_skeleton_csv\Fall\Fall_Fall_f_raw_b_3_B_N_157_resized.csv,1,Fall,nose,-1.166794,0.17432064,neck,-0.978283,0.2072736,right_shoulder,-0.7760249,0.34137398,right_elbow,-0.1389465,0.25889164,right_wrist,0.15236951,0.040336814,left_shoulder,-1.1805412,0.073172994,left_elbow,-0.95723945,0.019474275,left_wrist,-0.63533896,-0.026057348,mid_hip,0.0,0.0,right_hip,0.1141716,0.10491193,right_knee,0.7055895,0.053834915,right_ankle,1.1173564,0.12962206,left_hip,-0.1141716,-0.10491193,left_knee,0.60946894,-0.17529188,left_ankle,1.0934466,-0.068869345,0,0,0
Fall__Fall_f_raw_b_3_B_N_157_resized,11,C:\Users\ASUS\Downloads\3D_Human_Pose_NCKH\paper_baselines\lin2021_yolov8_lstm_gru\data\paper_skeleton_csv\Fall\Fall_Fall_f_raw_b_3_B_N_157_resized.csv,1,Fall,nose,-1.1068873,0.15659772,neck,-0.98334295,0.18175988,right_shoulder,-0.8037155,0.326577,right_elbow,-0.15374611,0.23943809,right_wrist,0.13458957,0.027612666,left_shoulder,-1.1629702,0.03694255,left_elbow,-0.91260624,-0.022652252,left_wrist,-0.6495254,-0.03673452,mid_hip,0.0,0.0,right_hip,0.10054146,0.11137458,right_knee,0.67234606,0.09472428,right_ankle,1.0627105,0.14184369,left_hip,-0.10054167,-0.11137447,left_knee,0.580109,-0.16591738,left_ankle,1.0350223,-0.07137821,0,0,0
Fall__Fall_f_raw_b_3_B_N_157_resized,12,C:\Users\ASUS\Downloads\3D_Human_Pose_NCKH\paper_baselines\lin2021_yolov8_lstm_gru\data\paper_skeleton_csv\Fall\Fall_Fall_f_raw_b_3_B_N_157_resized.csv,1,Fall,nose,-0.77365834,-0.045840163,neck,-0.98516166,0.17162912,right_shoulder,-0.72784716,0.30259287,right_elbow,-0.12592241,0.5318443,right_wrist,0.4995639,0.08099923,left_shoulder,-1.2424761,0.040665343,left_elbow,-1.4638747,0.11862072,left_wrist,-1.3212924,-0.26556757,mid_hip,0.0,0.0,right_hip,0.13961399,0.16744103,right_knee,1.8252927,0.11348064,right_ankle,2.7667558,0.45569882,left_hip,-0.13961345,-0.16744103,left_knee,1.600946,-0.25111216,left_ankle,2.7766635,-0.22431096,0,0,0
Fall__Fall_f_raw_b_3_B_N_157_resized,13,C:\Users\ASUS\Downloads\3D_Human_Pose_NCKH\paper_baselines\lin2021_yolov8_lstm_gru\data\paper_skeleton_csv\Fall\Fall_Fall_f_raw_b_3_B_N_157_resized.csv,1,Fall,nose,-0.5689419,0.061732754,neck,-0.97758955,0.21052007,right_shoulder,-0.4910429,0.36155593,right_elbow,0.06681025,0.4232177,right_wrist,0.56852293,0.08411294,left_shoulder,-1.4641364,0.05948461,left_elbow,-1.7480001,0.0805272,left_wrist,-1.1374013,-0.17114647,mid_hip,0.0,0.0,right_hip,0.29545724,0.16038609,right_knee,1.3380704,0.13228093,right_ankle,2.1345522,0.27493295,left_hip,-0.29545745,-0.16038609,left_knee,1.0651997,-0.28112507,left_ankle,2.0565538,-0.25666976,0,0,0
Fall__Fall_f_raw_b_3_B_N_157_resized,14,C:\Users\ASUS\Downloads\3D_Human_Pose_NCKH\paper_baselines\lin2021_yolov8_lstm_gru\data\paper_skeleton_csv\Fall\Fall_Fall_f_raw_b_3_B_N_157_resized.csv,1,Fall,nose,-0.69141304,0.19711652,neck,-0.9683094,0.24975373,right_shoulder,-0.5725739,0.3960726,right_elbow,-0.033339262,0.43629944,right_wrist,0.49272987,0.15656944,left_shoulder,-1.3640451,0.1034347,left_elbow,-1.5284592,0.049826007,left_wrist,-0.8935298,-0.1294619,mid_hip,0.0,0.0,right_hip,0.23640305,0.14489521,right_knee,0.9602675,0.19294895,right_ankle,1.7472296,0.20286457,left_hip,-0.23640321,-0.14489537,left_knee,0.71803737,-0.17949536,left_ankle,1.6955308,-0.20039392,0,0,0
Fall__Fall_f_raw_b_3_B_N_157_resized,15,C:\Users\ASUS\Downloads\3D_Human_Pose_NCKH\paper_baselines\lin2021_yolov8_lstm_gru\data\paper_skeleton_csv\Fall\Fall_Fall_f_raw_b_3_B_N_157_resized.csv,1,Fall,nose,-0.3753207,0.08298624,neck,-0.98790044,0.15508953,right_shoulder,-0.58497065,0.31470725,right_elbow,0.087187655,0.36635208,right_wrist,0.8107638,0.030221393,left_shoulder,-1.3908303,-0.0045283725,left_elbow,-1.4934738,-0.05437259,left_wrist,-0.7215006,-0.3225015,mid_hip,0.0,0.0,right_hip,0.241033,0.16913642,right_knee,1.4480059,0.08205035,right_ankle,2.3059745,0.1256087,left_hip,-0.241033,-0.16913661,left_knee,1.1987287,-0.29261997,left_ankle,2.2194598,-0.27430516,0,0,0
Fall__Fall_f_raw_b_3_B_N_157_resized,16,C:\Users\ASUS\Downloads\3D_Human_Pose_NCKH\paper_baselines\lin2021_yolov8_lstm_gru\data\paper_skeleton_csv\Fall\Fall_Fall_f_raw_b_3_B_N_157_resized.csv,1,Fall,nose,-0.8382856,0.09010516,neck,-0.97671694,0.2145323,right_shoulder,-0.7104338,0.33666497,right_elbow,0.02724429,0.32116613,right_wrist,0.69596523,0.03670808,left_shoulder,-1.2430001,0.09239932,left_elbow,-1.0436492,-0.045186616,left_wrist,-0.5132871,-0.21720196,mid_hip,0.0,0.0,right_hip,0.15907903,0.12418082,right_knee,1.2114557,-0.008919158,right_ankle,1.7799237,0.020451508,left_hip,-0.15907903,-0.12418082,left_knee,0.93007404,-0.208495,left_ankle,1.7221919,-0.18909818,0,0,0
Fall__Fall_f_raw_b_3_B_N_157_resized,17,C:\Users\ASUS\Downloads\3D_Human_Pose_NCKH\paper_baselines\lin2021_yolov8_lstm_gru\data\paper_skeleton_csv\Fall\Fall_Fall_f_raw_b_3_B_N_157_resized.csv,1,Fall,nose,-1.0137008,0.18709019,neck,-0.9666547,0.2560833,right_shoulder,-0.76957077,0.40414077,right_elbow,-0.118779525,0.31539103,right_wrist,0.36891174,0.076482564,left_shoulder,-1.1637386,0.10802582,left_elbow,-0.9538858,-0.08529958,left_wrist,-0.5390559,-0.14084911,mid_hip,0.0,0.0,right_hip,0.11591732,0.112563215,right_knee,0.8724415,0.027061421,right_ankle,1.2593017,0.010484281,left_hip,-0.11591754,-0.11256333,left_knee,0.6541805,-0.14937712,left_ankle,1.1464549,-0.06890406,0,0,0
Fall__Fall_f_raw_b_3_B_N_157_resized,18,C:\Users\ASUS\Downloads\3D_Human_Pose_NCKH\paper_baselines\lin2021_yolov8_lstm_gru\data\paper_skeleton_csv\Fall\Fall_Fall_f_raw_b_3_B_N_157_resized.csv,1,Fall,nose,-0.93577397,0.25271618,neck,-0.9635974,0.26735753,right_shoulder,-0.68308985,0.41664755,right_elbow,0.309835,0.2786802,right_wrist,0.9956487,0.08980777,left_shoulder,-1.2441052,0.118067175,left_elbow,-0.8235252,-0.2508447,left_wrist,-0.2941763,-0.24709177,mid_hip,0.0,0.0,right_hip,0.15693781,0.11755858,right_knee,0.7721344,0.10896628,right_ankle,1.0575837,0.13237149,left_hip,-0.15693766,-0.11755858,left_knee,0.50564253,-0.074144974,left_ankle,1.0330977,-0.018826371,0,0,0
Fall__Fall_f_raw_b_3_B_N_157_resized,19,C:\Users\ASUS\Downloads\3D_Human_Pose_NCKH\paper_baselines\lin2021_yolov8_lstm_gru\data\paper_skeleton_csv\Fall\Fall_Fall_f_raw_b_3_B_N_157_resized.csv,1,Fall,nose,-0.97204,0.24613976,neck,-0.9646944,0.2633717,right_shoulder,-0.7590692,0.4633236,right_elbow,0.2696531,0.24127784,right_wrist,1.0928466,0.07410846,left_shoulder,-1.1703197,0.06342011,left_elbow,-0.76841307,-0.28554422,left_wrist,-0.17444436,-0.28180367,mid_hip,0.0,0.0,right_hip,0.10365607,0.14487365,right_knee,0.72659093,0.16227517,right_ankle,1.1763589,0.107419595,left_hip,-0.10365622,-0.14487365,left_knee,0.53062123,-0.16967121,left_ankle,1.1527132,-0.00980482,0,0,0
Fall__Fall_f_raw_b_3_B_N_157_resized,20,C:\Users\ASUS\Downloads\3D_Human_Pose_NCKH\paper_baselines\lin2021_yolov8_lstm_gru\data\paper_skeleton_csv\Fall\Fall_Fall_f_raw_b_3_B_N_157_resized.csv,1,Fall,nose,-0.9426369,0.17864685,neck,-0.9973678,0.072508864,right_shoulder,-0.967192,0.20214869,right_elbow,-0.6840982,-0.083490245,right_wrist,0.24999252,-0.14920376,left_shoulder,-1.0275437,-0.057130694,left_elbow,-0.7419579,-0.34958926,left_wrist,-0.12402181,-0.2623561,mid_hip,0.0,0.0,right_hip,0.009617026,0.13036016,right_knee,0.82604617,-0.037731502,right_ankle,1.4691329,-0.081780136,left_hip,-0.009616893,-0.13036002,left_knee,0.7582821,-0.3273301,left_ankle,1.4187725,-0.17324986,0,0,0
Fall__Fall_f_raw_b_3_B_N_157_resized,21,C:\Users\ASUS\Downloads\3D_Human_Pose_NCKH\paper_baselines\lin2021_yolov8_lstm_gru\data\paper_skeleton_csv\Fall\Fall_Fall_f_raw_b_3_B_N_157_resized.csv,1,Fall,nose,-1.0087745,0.20816292,neck,-0.98915887,0.14684919,right_shoulder,-0.8634455,0.3911601,right_elbow,0.008255822,0.25608692,right_wrist,0.76509285,0.105009496,left_shoulder,-1.1148721,-0.097461745,left_elbow,-0.59277946,-0.37272453,left_wrist,-0.15931523,-0.16429833,mid_hip,0.0,0.0,right_hip,0.06259926,0.15489489,right_knee,0.6572679,0.026302475,right_ankle,1.3085809,-0.08300594,left_hip,-0.06259913,-0.15489489,left_knee,0.5316024,-0.3083469,left_ankle,1.2266599,-0.11714527,0,0,0
Fall__Fall_f_raw_b_3_B_N_157_resized,22,C:\Users\ASUS\Downloads\3D_Human_Pose_NCKH\paper_baselines\lin2021_yolov8_lstm_gru\data\paper_skeleton_csv\Fall\Fall_Fall_f_raw_b_3_B_N_157_resized.csv,1,Fall,nose,-1.0067667,0.2281965,neck,-0.9950629,0.09924644,right_shoulder,-0.89498484,0.3403911,right_elbow,-0.025516571,0.25683725,right_wrist,0.7187258,0.11498242,left_shoulder,-1.0951409,-0.14189857,left_elbow,-0.47753125,-0.3775108,left_wrist,-0.095196895,-0.1302995,mid_hip,0.0,0.0,right_hip,0.04433451,0.15956631,right_knee,0.67616904,0.049271625,right_ankle,1.4492272,-0.09684461,left_hip,-0.04433438,-0.15956606,left_knee,0.60709226,-0.33663818,left_ankle,1.3778044,-0.18463476,0,0,0
Fall__Fall_f_raw_b_3_B_N_157_resized,23,C:\Users\ASUS\Downloads\3D_Human_Pose_NCKH\paper_baselines\lin2021_yolov8_lstm_gru\data\paper_skeleton_csv\Fall\Fall_Fall_f_raw_b_3_B_N_157_resized.csv,1,Fall,nose,-0.9841658,0.22185749,neck,-0.99998957,0.0045791464,right_shoulder,-0.9860653,0.16082789,right_elbow,-0.48384017,-0.068068616,right_wrist,-0.31813866,-0.035847597,left_shoulder,-1.0139139,-0.15166934,left_elbow,-0.3503555,-0.36287543,left_wrist,-0.0909755,-0.14274241,mid_hip,0.0,0.0,right_hip,-0.00010554591,0.12789604,right_knee,0.7593772,-0.017743876,right_ankle,1.62726,-0.11995729,left_hip,0.000105419196,-0.1278963,left_knee,0.7579535,-0.35000047,left_ankle,1.5855114,-0.19476426,0,0,0
Fall__Fall_f_raw_b_3_B_N_157_resized,24,C:\Users\ASUS\Downloads\3D_Human_Pose_NCKH\paper_baselines\lin2021_yolov8_lstm_gru\data\paper_skeleton_csv\Fall\Fall_Fall_f_raw_b_3_B_N_157_resized.csv,1,Fall,nose,-1.0011411,0.24986018,neck,-0.99974245,0.022697346,right_shoulder,-1.0098892,0.16377239,right_elbow,-0.50155246,-0.06100883,right_wrist,-0.40762445,0.02572441,left_shoulder,-0.9895956,-0.11837769,left_elbow,-0.28266022,-0.3092778,left_wrist,-0.07992809,-0.040012922,mid_hip,0.0,0.0,right_hip,-0.01433035,0.117593035,right_knee,0.76249766,0.02435132,right_ankle,1.5484507,-0.07941466,left_hip,0.014330595,-0.11759316,left_knee,0.75901943,-0.261169,left_ankle,1.5298991,-0.1175879,0,0,0
Fall__Fall_f_raw_b_3_B_N_157_resized,25,C:\Users\ASUS\Downloads\3D_Human_Pose_NCKH\paper_baselines\lin2021_yolov8_lstm_gru\data\paper_skeleton_csv\Fall\Fall_Fall_f_raw_b_3_B_N_157_resized.csv,1,Fall,nose,-0.9743749,0.24223007,neck,-0.99908525,0.042762674,right_shoulder,-1.1153822,0.216309,right_elbow,-1.111659,0.13903043,right_wrist,-1.2660204,0.11435929,left_shoulder,-0.882788,-0.13078342,left_elbow,-0.24319513,-0.26642293,left_wrist,-0.09998532,-0.012196374,mid_hip,0.0,0.0,right_hip,-0.06711421,0.1296374,right_knee,0.655148,0.038314983,right_ankle,1.4028633,-0.057986584,left_hip,0.06711421,-0.12963751,left_knee,0.7543013,-0.21789466,left_ankle,1.4145622,-0.052637443,0,0,0
Fall__Fall_f_raw_b_3_B_N_157_resized,26,C:\Users\ASUS\Downloads\3D_Human_Pose_NCKH\paper_baselines\lin2021_yolov8_lstm_gru\data\paper_skeleton_csv\Fall\Fall_Fall_f_raw_b_3_B_N_157_resized.csv,1,Fall,nose,-1.1408428,0.3619882,neck,-0.99700373,0.07735372,right_shoulder,-1.1671064,0.19601884,right_elbow,-1.2162983,0.010520438,right_wrist,-1.0433906,0.14170048,left_shoulder,-0.8269012,-0.041311268,left_elbow,-0.25296107,-0.1875098,left_wrist,-0.06915137,0.16377465,mid_hip,0.0,0.0,right_hip,-0.10820821,0.112230755,right_knee,0.7132052,0.022877852,right_ankle,1.591083,-0.003048089,left_hip,0.10820821,-0.11223063,left_knee,0.8204502,-0.17338389,left_ankle,1.6074373,-0.0043529253,0,0,0
Fall__Fall_f_raw_b_3_B_N_157_resized,27,C:\Users\ASUS\Downloads\3D_Human_Pose_NCKH\paper_baselines\lin2021_yolov8_lstm_gru\data\paper_skeleton_csv\Fall\Fall_Fall_f_raw_b_3_B_N_157_resized.csv,1,Fall,nose,-1.1395129,0.38169816,neck,-0.9955175,0.094576865,right_shoulder,-1.0621805,0.27212572,right_elbow,-0.6382457,0.22316797,right_wrist,-0.27209908,0.23042955,left_shoulder,-0.92885447,-0.082971975,left_elbow,-0.28049898,-0.16588004,left_wrist,-0.15048069,0.18597749,mid_hip,0.0,0.0,right_hip,-0.051490214,0.1318696,right_knee,0.66415447,0.15545334,right_ankle,1.4618185,0.031873465,left_hip,0.051490452,-0.13186948,left_knee,0.6889609,-0.13534454,left_ankle,1.448714,0.0124907885,0,0,0
Fall__Fall_f_raw_b_3_B_N_157_resized,28,C:\Users\ASUS\Downloads\3D_Human_Pose_NCKH\paper_baselines\lin2021_yolov8_lstm_gru\data\paper_skeleton_csv\Fall\Fall_Fall_f_raw_b_3_B_N_157_resized.csv,1,Fall,nose,-1.1280109,0.39720196,neck,-0.99593663,0.090056546,right_shoulder,-1.1109413,0.26071578,right_elbow,-0.78134274,0.23993896,right_wrist,-0.47069702,0.30555034,left_shoulder,-0.8809319,-0.08060257,left_elbow,-0.2245713,-0.093542084,left_wrist,-0.15976062,0.2515865,mid_hip,0.0,0.0,right_hip,-0.0807303,0.13033202,right_knee,0.57256967,0.22670375,right_ankle,1.3912501,0.045297176,left_hip,0.0807303,-0.13033214,left_knee,0.6483133,-0.08928104,left_ankle,1.3897033,0.016262066,0,0,0
Fall__Fall_f_raw_b_3_B_N_157_resized,29,C:\Users\ASUS\Downloads\3D_Human_Pose_NCKH\paper_baselines\lin2021_yolov8_lstm_gru\data\paper_skeleton_csv\Fall\Fall_Fall_f_raw_b_3_B_N_157_resized.csv,1,Fall,nose,-1.1106459,0.42765182,neck,-0.99365866,0.112438835,right_shoulder,-1.253666,0.22275835,right_elbow,-1.5313835,0.18853962,right_wrist,-1.4024087,0.23980185,left_shoulder,-0.7336513,0.0021190878,left_elbow,-0.16686973,0.020032678,left_wrist,-0.17080551,0.32439184,mid_hip,0.0,0.0,right_hip,-0.15741894,0.106456704,right_knee,0.6270579,0.12012689,right_ankle,1.4061375,0.0004504904,left_hip,0.15741894,-0.10645682,left_knee,0.7270908,-0.03648782,left_ankle,1.4510065,0.02703703,0,0,0
Fall__Fall_f_raw_b_3_B_N_157_resized,30,C:\Users\ASUS\Downloads\3D_Human_Pose_NCKH\paper_baselines\lin2021_yolov8_lstm_gru\data\paper_skeleton_csv\Fall\Fall_Fall_f_raw_b_3_B_N_157_resized.csv,1,Fall,nose,-1.1267468,0.44323468,neck,-0.9926803,0.12077152,right_shoulder,-1.2316988,0.19835296,right_elbow,-1.4312018,0.13739441,right_wrist,-1.2443947,0.2387616,left_shoulder,-0.7536618,0.043190323,left_elbow,-0.14398617,0.077220544,left_wrist,-0.21554983,0.37861648,mid_hip,0.0,0.0,right_hip,-0.14642297,0.0915305,right_knee,0.7114303,0.07864618,right_ankle,1.4234669,0.00047927865,left_hip,0.14642273,-0.0915305,left_knee,0.7704765,-0.033344664,left_ankle,1.4766817,0.03444373,0,0,0
Fall__Fall_f_raw_b_3_B_N_157_resized,31,C:\Users\ASUS\Downloads\3D_Human_Pose_NCKH\paper_baselines\lin2021_yolov8_lstm_gru\data\paper_skeleton_csv\Fall\Fall_Fall_f_raw_b_3_B_N_157_resized.csv,1,Fall,nose,-1.0962186,0.4558861,neck,-0.98951936,0.14440028,right_shoulder,-1.1732533,0.2720198,right_elbow,-0.96890587,0.29375395,right_wrist,-0.87338936,0.41699022,left_shoulder,-0.80578536,0.016780527,left_elbow,-0.11919728,0.08522782,left_wrist,-0.22834228,0.42937845,mid_hip,0.0,0.0,right_hip,-0.12267615,0.108750425,right_knee,0.6295179,0.18320337,right_ankle,1.3604897,0.04083225,left_hip,0.12267591,-0.108750544,left_knee,0.7504228,-0.033666857,left_ankle,1.4289165,0.033347547,0,0,0
Fall__Fall_f_raw_b_3_B_N_157_resized,32,C:\Users\ASUS\Downloads\3D_Human_Pose_NCKH\paper_baselines\lin2021_yolov8_lstm_gru\data\paper_skeleton_csv\Fall\Fall_Fall_f_raw_b_3_B_N_157_resized.csv,1,Fall,nose,-1.1343435,0.54735655,neck,-0.985092,0.17202833,right_shoulder,-1.1398998,0.30553228,right_elbow,-0.8579261,0.32240883,right_wrist,-1.090883,0.48855385,left_shoulder,-0.83028406,0.03852465,left_elbow,-0.10191542,0.17350887,left_wrist,-0.25106308,0.57153183,mid_hip,0.0,0.0,right_hip,-0.11190499,0.11159572,right_knee,0.64735353,0.32784408,right_ankle,1.4553943,0.11426481,left_hip,0.11190499,-0.11159572,left_knee,0.79738516,0.046820603,left_ankle,1.6192502,0.030074503,0,0,0
Fall__Fall_f_raw_b_3_B_N_157_resized,33,C:\Users\ASUS\Downloads\3D_Human_Pose_NCKH\paper_baselines\lin2021_yolov8_lstm_gru\data\paper_skeleton_csv\Fall\Fall_Fall_f_raw_b_3_B_N_157_resized.csv,1,Fall,nose,-0.92839426,0.48488986,neck,-0.98485214,0.17339636,right_shoulder,-1.2268171,0.28360662,right_elbow,-1.292833,0.3735493,right_wrist,-1.3065867,0.4837797,left_shoulder,-0.7428871,0.06318634,left_elbow,-0.07581297,0.2775058,left_wrist,-0.25894248,0.6216025,mid_hip,0.0,0.0,right_hip,-0.1591947,0.11350523,right_knee,0.55387706,0.3470072,right_ankle,1.3614628,0.1196488,left_hip,0.15919481,-0.11350523,left_knee,0.7880732,0.058773506,left_ankle,1.6110421,0.040515143,0,0,0
Fall__Fall_f_raw_b_3_B_N_157_resized,34,C:\Users\ASUS\Downloads\3D_Human_Pose_NCKH\paper_baselines\lin2021_yolov8_lstm_gru\data\paper_skeleton_csv\Fall\Fall_Fall_f_raw_b_3_B_N_157_resized.csv,1,Fall,nose,-1.1629382,0.5689002,neck,-0.9752995,0.22088659,right_shoulder,-1.1002375,0.3393491,right_elbow,-0.69388306,0.41773418,right_wrist,-0.9332266,0.60468096,left_shoulder,-0.85036165,0.102424085,left_elbow,-0.134032,0.3451096,left_wrist,-0.36453512,0.7182087,mid_hip,0.0,0.0,right_hip,-0.112426735,0.099992946,right_knee,0.35220218,0.4188604,right_ankle,1.024925,0.1776278,left_hip,0.11242649,-0.09999307,left_knee,0.7998401,0.12015096,left_ankle,1.5641396,0.054139894,0,0,0
Fall__Fall_f_raw_b_3_B_N_157_resized,35,C:\Users\ASUS\Downloads\3D_Human_Pose_NCKH\paper_baselines\lin2021_yolov8_lstm_gru\data\paper_skeleton_csv\Fall\Fall_Fall_f_raw_b_3_B_N_157_resized.csv,1,Fall,nose,-1.130175,0.50764465,neck,-0.97659934,0.21506698,right_shoulder,-1.0919262,0.322066,right_elbow,-0.8195339,0.37238306,right_wrist,-1.0788149,0.5409681,left_shoulder,-0.86127263,0.10806797,left_elbow,-0.17946456,0.33878008,left_wrist,-0.40888476,0.7010174,mid_hip,0.0,0.0,right_hip,-0.09727829,0.09512812,right_knee,0.44840163,0.36609814,right_ankle,1.0643585,0.14296511,left_hip,0.09727829,-0.095128,left_knee,0.78094316,0.102951206,left_ankle,1.5286608,0.04094168,0,0,0
Fall__Fall_f_raw_b_3_B_N_157_resized,36,C:\Users\ASUS\Downloads\3D_Human_Pose_NCKH\paper_baselines\lin2021_yolov8_lstm_gru\data\paper_skeleton_csv\Fall\Fall_Fall_f_raw_b_3_B_N_157_resized.csv,1,Fall,nose,-1.1792835,0.5411053,neck,-0.9775366,0.21076545,right_shoulder,-1.0968026,0.32825634,right_elbow,-0.82650256,0.4310318,right_wrist,-1.0530131,0.6390868,left_shoulder,-0.85827076,0.09327456,left_elbow,-0.25508943,0.37506232,left_wrist,-0.46334982,0.77222025,mid_hip,0.0,0.0,right_hip,-0.101351425,0.10110894,right_knee,0.38226816,0.39887822,right_ankle,1.0454488,0.1722039,left_hip,0.101351425,-0.10110894,left_knee,0.74625313,0.09485295,left_ankle,1.4345264,0.037717767,0,0,0
Fall__Fall_f_raw_b_3_B_N_157_resized,37,C:\Users\ASUS\Downloads\3D_Human_Pose_NCKH\paper_baselines\lin2021_yolov8_lstm_gru\data\paper_skeleton_csv\Fall\Fall_Fall_f_raw_b_3_B_N_157_resized.csv,1,Fall,nose,-1.1668599,0.5157773,neck,-0.9784454,0.20650564,right_shoulder,-1.1142818,0.31450576,right_elbow,-0.971707,0.40660933,right_wrist,-1.2306815,0.5627032,left_shoulder,-0.84260905,0.09850553,left_elbow,-0.2828555,0.39648527,left_wrist,-0.50154936,0.7941644,mid_hip,0.0,0.0,right_hip,-0.107882254,0.097614504,right_knee,0.4214681,0.36608493,right_ankle,1.075606,0.13298742,left_hip,0.10788202,-0.097614504,left_knee,0.7753499,0.088820755,left_ankle,1.4335548,0.017576931,0,0,0
Fall__Fall_f_raw_b_3_B_N_157_resized,38,C:\Users\ASUS\Downloads\3D_Human_Pose_NCKH\paper_baselines\lin2021_yolov8_lstm_gru\data\paper_skeleton_csv\Fall\Fall_Fall_f_raw_b_3_B_N_157_resized.csv,1,Fall,nose,-1.193138,0.53070366,neck,-0.9761234,0.21721724,right_shoulder,-1.1427542,0.28388423,right_elbow,-1.2821412,0.35826352,right_wrist,-1.3616124,0.4455353,left_shoulder,-0.8094926,0.15055002,left_elbow,-0.36864,0.48228338,left_wrist,-0.57416475,0.8717178,mid_hip,0.0,0.0,right_hip,-0.12127305,0.08272598,right_knee,0.4684568,0.35780716,right_ankle,1.0397174,0.13460062,left_hip,0.12127329,-0.08272598,left_knee,0.741226,0.16727962,left_ankle,1.4288116,0.05370679,0,0,0
Fall__Fall_f_raw_b_3_B_N_157_resized,39,C:\Users\ASUS\Downloads\3D_Human_Pose_NCKH\paper_baselines\lin2021_yolov8_lstm_gru\data\paper_skeleton_csv\Fall\Fall_Fall_f_raw_b_3_B_N_157_resized.csv,1,Fall,nose,-1.1848534,0.51037186,neck,-0.9745667,0.22409807,right_shoulder,-1.1498,0.27936783,right_elbow,-1.3727937,0.38746637,right_wrist,-1.334019,0.470971,left_shoulder,-0.7993334,0.16882807,left_elbow,-0.4216864,0.5199445,left_wrist,-0.5999974,0.90576386,mid_hip,0.0,0.0,right_hip,-0.124657296,0.08063637,right_knee,0.49485222,0.3870555,right_ankle,1.0860343,0.2001446,left_hip,0.124657296,-0.08063637,left_knee,0.72710294,0.22717597,left_ankle,1.4746227,0.11887553,0,0,0
Fall__Fall_f_raw_b_3_B_N_157_resized,40,C:\Users\ASUS\Downloads\3D_Human_Pose_NCKH\paper_baselines\lin2021_yolov8_lstm_gru\data\paper_skeleton_csv\Fall\Fall_Fall_f_raw_b_3_B_N_157_resized.csv,1,Fall,nose,-1.2195233,0.5316479,neck,-0.96751213,0.2528248,right_shoulder,-1.0865641,0.29935884,right_elbow,-1.0884802,0.40088016,right_wrist,-1.292763,0.50863224,left_shoulder,-0.84846026,0.20629077,left_elbow,-0.46351632,0.5700371,left_wrist,-0.63685936,0.9455743,mid_hip,0.0,0.0,right_hip,-0.0930159,0.065636694,right_knee,0.4424714,0.38826525,right_ankle,1.020168,0.19234365,left_hip,0.0930159,-0.065636694,left_knee,0.68738085,0.26811492,left_ankle,1.342443,0.13685639,0,0,0
Fall__Fall_f_raw_b_3_B_N_157_resized,41,C:\Users\ASUS\Downloads\3D_Human_Pose_NCKH\paper_baselines\lin2021_yolov8_lstm_gru\data\paper_skeleton_csv\Fall\Fall_Fall_f_raw_b_3_B_N_157_resized.csv,1,Fall,nose,-1.2311007,0.52989775,neck,-0.96752423,0.2527783,right_shoulder,-1.1133575,0.2777435,right_elbow,-1.2386668,0.38352364,right_wrist,-1.2992797,0.5018779,left_shoulder,-0.8216908,0.22781287,left_elbow,-0.5081429,0.6076696,left_wrist,-0.6680604,0.97981554,mid_hip,0.0,0.0,right_hip,-0.10862938,0.060054317,right_knee,0.47185573,0.35752475,right_ankle,0.9859173,0.17129345,left_hip,0.10862938,-0.060054205,left_knee,0.725735,0.26423022,left_ankle,1.319716,0.11022236,0,0,0
Fall__Fall_f_raw_b_3_B_N_157_resized,42,C:\Users\ASUS\Downloads\3D_Human_Pose_NCKH\paper_baselines\lin2021_yolov8_lstm_gru\data\paper_skeleton_csv\Fall\Fall_Fall_f_raw_b_3_B_N_157_resized.csv,1,Fall,nose,-1.2519417,0.54607433,neck,-0.9592493,0.28256118,right_shoulder,-1.0505124,0.30432385,right_elbow,-0.9584034,0.4934995,right_wrist,-1.1024501,0.72857547,left_shoulder,-0.8679862,0.2607983,left_elbow,-0.54462016,0.6531353,left_wrist,-0.73215693,1.040489,mid_hip,0.0,0.0,right_hip,-0.072632484,0.051321577,right_knee,0.55206114,0.31091815,right_ankle,1.0698035,0.10152625,left_hip,0.072632484,-0.051321685,left_knee,0.7153046,0.25881392,left_ankle,1.2196366,0.07900173,0,0,0
Fall__Fall_f_raw_b_3_B_N_157_resized,43,C:\Users\ASUS\Downloads\3D_Human_Pose_NCKH\paper_baselines\lin2021_yolov8_lstm_gru\data\paper_skeleton_csv\Fall\Fall_Fall_f_raw_b_3_B_N_157_resized.csv,1,Fall,nose,-1.2572496,0.5424969,neck,-0.9547567,0.2973881,right_shoulder,-1.0449682,0.31074476,right_elbow,-0.9383263,0.53022563,right_wrist,-1.1259017,0.7613708,left_shoulder,-0.86454517,0.28403148,left_elbow,-0.5697446,0.711353,left_wrist,-0.7640585,1.1161677,mid_hip,0.0,0.0,right_hip,-0.07549873,0.04535539,right_knee,0.5047269,0.30757135,right_ankle,1.0309559,0.119082086,left_hip,0.07549873,-0.045355275,left_knee,0.71666,0.28166187,left_ankle,1.2563167,0.097384974,0,0,0
Fall__Fall_f_raw_b_3_B_N_157_resized,44,C:\Users\ASUS\Downloads\3D_Human_Pose_NCKH\paper_baselines\lin2021_yolov8_lstm_gru\data\paper_skeleton_csv\Fall\Fall_Fall_f_raw_b_3_B_N_157_resized.csv,1,Fall,nose,-1.2692136,0.5599222,neck,-0.95293283,0.30318153,right_shoulder,-1.0309222,0.2819419,right_elbow,-0.9637016,0.37689468,right_wrist,-1.2564958,0.50846833,left_shoulder,-0.8749436,0.32442117,left_elbow,-0.58551186,0.7537436,left_wrist,-0.77601844,1.1194224,mid_hip,0.0,0.0,right_hip,-0.065452434,0.029999498,right_knee,0.54410857,0.29123247,right_ankle,1.0862746,0.10022803,left_hip,0.06545267,-0.029999498,left_knee,0.7279641,0.29336473,left_ankle,1.2937641,0.10397972,0,0,0
Fall__Fall_f_raw_b_3_B_N_157_resized,45,C:\Users\ASUS\Downloads\3D_Human_Pose_NCKH\paper_baselines\lin2021_yolov8_lstm_gru\data\paper_skeleton_csv\Fall\Fall_Fall_f_raw_b_3_B_N_157_resized.csv,1,Fall,nose,-1.284253,0.5796811,neck,-0.95352274,0.30132082,right_shoulder,-1.0288432,0.28644222,right_elbow,-0.92658454,0.36820245,right_wrist,-1.2225597,0.49346063,left_shoulder,-0.8782023,0.31619963,left_elbow,-0.5866241,0.742144,left_wrist,-0.7885937,1.1010718,mid_hip,0.0,0.0,right_hip,-0.064442925,0.032735102,right_knee,0.57404315,0.27183703,right_ankle,1.0942752,0.06453146,left_hip,0.064443156,-0.032735102,left_knee,0.74741316,0.25416744,left_ankle,1.2581794,0.069185264,0,0,0
Fall__Fall_f_raw_b_3_B_N_157_resized,46,C:\Users\ASUS\Downloads\3D_Human_Pose_NCKH\paper_baselines\lin2021_yolov8_lstm_gru\data\paper_skeleton_csv\Fall\Fall_Fall_f_raw_b_3_B_N_157_resized.csv,1,Fall,nose,-1.2769862,0.5866982,neck,-0.95032275,0.31126642,right_shoulder,-1.0392095,0.34996742,right_elbow,-0.780502,0.63715667,right_wrist,-0.7971344,1.0876938,left_shoulder,-0.86143607,0.27256566,left_elbow,-0.5904558,0.70527947,left_wrist,-0.7846984,1.120472,mid_hip,0.0,0.0,right_hip,-0.0855143,0.05761347,right_knee,0.42051086,0.3413599,right_ankle,0.965734,0.11361954,left_hip,0.08551453,-0.057613585,left_knee,0.7235928,0.2589445,left_ankle,1.216946,0.07435045,0,0,0
Fall__Fall_f_raw_b_3_B_N_157_resized,47,C:\Users\ASUS\Downloads\3D_Human_Pose_NCKH\paper_baselines\lin2021_yolov8_lstm_gru\data\paper_skeleton_csv\Fall\Fall_Fall_f_raw_b_3_B_N_157_resized.csv,1,Fall,nose,-1.2123066,0.6998145,neck,-0.91308254,0.40777475,right_shoulder,-0.992518,0.4481989,right_elbow,-0.7025406,0.8085369,right_wrist,-0.7240526,1.2354125,left_shoulder,-0.8336471,0.36735082,left_elbow,-0.5578012,0.81450367,left_wrist,-0.7180786,1.220733,mid_hip,0.0,0.0,right_hip,-0.07951824,0.061954036,right_knee,0.4650635,0.39922988,right_ankle,1.0016096,0.21988364,left_hip,0.07951801,-0.061954036,left_knee,0.75622886,0.30454662,left_ankle,1.2454882,0.13072388,0,0,0
Fall__Fall_f_raw_b_3_B_N_157_resized,48,C:\Users\ASUS\Downloads\3D_Human_Pose_NCKH\paper_baselines\lin2021_yolov8_lstm_gru\data\paper_skeleton_csv\Fall\Fall_Fall_f_raw_b_3_B_N_157_resized.csv,1,Fall,nose,-1.2196809,0.6915518,neck,-0.9095297,0.415639,right_shoulder,-1.0023278,0.44952565,right_elbow,-0.7574579,0.8096386,right_wrist,-0.7685648,1.2571384,left_shoulder,-0.81673163,0.38175237,left_elbow,-0.5803922,0.8700803,left_wrist,-0.75969577,1.2723197,mid_hip,0.0,0.0,right_hip,-0.092930295,0.061915807,right_knee,0.41024327,0.43308663,right_ankle,0.9623805,0.23246902,left_hip,0.092930295,-0.061915807,left_knee,0.7695093,0.308105,left_ankle,1.3304151,0.09558042,0,0,0
Fall__Fall_f_raw_b_3_B_N_157_resized,49,C:\Users\ASUS\Downloads\3D_Human_Pose_NCKH\paper_baselines\lin2021_yolov8_lstm_gru\data\paper_skeleton_csv\Fall\Fall_Fall_f_raw_b_3_B_N_157_resized.csv,1,Fall,nose,-1.2578398,0.5714554,neck,-0.938022,0.34657586,right_shoulder,-1.0411375,0.37028,right_elbow,-0.9166645,0.6349892,right_wrist,-0.96313494,1.0697474,left_shoulder,-0.8349064,0.32287195,left_elbow,-0.6318359,0.7859895,left_wrist,-0.8709246,1.1910306,mid_hip,0.0,0.0,right_hip,-0.09271648,0.054166064,right_knee,0.38794407,0.3788192,right_ankle,0.93302095,0.15366217,left_hip,0.092716254,-0.05416618,left_knee,0.7012225,0.26745233,left_ankle,1.2444959,0.064343825,0,0,0
Fall__Fall_f_raw_b_3_B_N_157_resized,50,C:\Users\ASUS\Downloads\3D_Human_Pose_NCKH\paper_baselines\lin2021_yolov8_lstm_gru\data\paper_skeleton_csv\Fall\Fall_Fall_f_raw_b_3_B_N_157_resized.csv,1,Fall,nose,-1.1831677,0.54950124,neck,-0.9302226,0.3669958,right_shoulder,-1.03171,0.43873158,right_elbow,-0.77718085,0.7807038,right_wrist,-0.8228128,1.221615,left_shoulder,-0.8287351,0.29525983,left_elbow,-0.6556814,0.7957401,left_wrist,-0.8577183,1.2305465,mid_hip,0.0,0.0,right_hip,-0.10937243,0.07756493,right_knee,0.118650004,0.4790208,right_ankle,0.6791269,0.28326884,left_hip,0.10937243,-0.07756493,left_knee,0.70181316,0.25498825,left_ankle,1.3202752,0.06287375,0,0,0
Fall__Fall_f_raw_b_3_B_N_157_resized,51,C:\Users\ASUS\Downloads\3D_Human_Pose_NCKH\paper_baselines\lin2021_yolov8_lstm_gru\data\paper_skeleton_csv\Fall\Fall_Fall_f_raw_b_3_B_N_157_resized.csv,1,Fall,nose,-1.1906604,0.49701658,neck,-0.9396326,0.34218502,right_shoulder,-1.0395758,0.40888524,right_elbow,-0.7789336,0.76782584,right_wrist,-0.8319905,1.220602,left_shoulder,-0.8396894,0.27548456,left_elbow,-0.6767797,0.778036,left_wrist,-0.87671494,1.2143401,mid_hip,0.0,0.0,right_hip,-0.102564685,0.07465983,right_knee,0.27553344,0.4317345,right_ankle,0.79810035,0.20530027,left_hip,0.102564916,-0.07465983,left_knee,0.75504035,0.25127408,left_ankle,1.2733995,0.025792891,0,0,0
Fall__Fall_f_raw_b_3_B_N_157_resized,52,C:\Users\ASUS\Downloads\3D_Human_Pose_NCKH\paper_baselines\lin2021_yolov8_lstm_gru\data\paper_skeleton_csv\Fall\Fall_Fall_f_raw_b_3_B_N_157_resized.csv,1,Fall,nose,-1.2125742,0.4710566,neck,-0.9372601,0.3486309,right_shoulder,-1.0472492,0.33651268,right_elbow,-0.86801666,0.6069747,right_wrist,-0.84096223,1.1990994,left_shoulder,-0.82727087,0.3607489,left_elbow,-0.720334,0.8948818,left_wrist,-0.85063785,1.2759317,mid_hip,0.0,0.0,right_hip,-0.1040438,0.04346681,right_knee,0.34471336,0.37939173,right_ankle,0.83717906,0.19859378,left_hip,0.10404356,-0.04346681,left_knee,0.8235408,0.26327175,left_ankle,1.278179,0.035288826,0,0,0
Fall__Fall_f_raw_b_3_B_N_157_resized,53,C:\Users\ASUS\Downloads\3D_Human_Pose_NCKH\paper_baselines\lin2021_yolov8_lstm_gru\data\paper_skeleton_csv\Fall\Fall_Fall_f_raw_b_3_B_N_157_resized.csv,1,Fall,nose,-1.186522,0.5280697,neck,-0.9169425,0.39901945,right_shoulder,-1.0447174,0.37900123,right_elbow,-0.79318583,0.6741862,right_wrist,-0.69764405,1.342454,left_shoulder,-0.78916746,0.41903767,left_elbow,-0.6127817,1.0069714,left_wrist,-0.6863302,1.3563348,mid_hip,0.0,0.0,right_hip,-0.13524947,0.040708277,right_knee,0.12571082,0.5055251,right_ankle,0.63642573,0.5280961,left_hip,0.13524972,-0.040708408,left_knee,0.8767021,0.38074484,left_ankle,1.5733109,0.28367457,0,0,0
Fall__Fall_f_raw_b_3_B_N_157_resized,54,C:\Users\ASUS\Downloads\3D_Human_Pose_NCKH\paper_baselines\lin2021_yolov8_lstm_gru\data\paper_skeleton_csv\Fall\Fall_Fall_f_raw_b_3_B_N_157_resized.csv,1,Fall,nose,-1.1787406,0.57815015,neck,-0.9113468,0.41163942,right_shoulder,-0.9778386,0.26356128,right_elbow,-0.77443016,0.4056508,right_wrist,-0.6860581,0.89373356,left_shoulder,-0.8448551,0.55971783,left_elbow,-0.6362648,1.1247071,left_wrist,-0.58095676,1.3691888,mid_hip,0.0,0.0,right_hip,-0.06557355,-0.03335664,right_knee,0.19840226,0.3822876,right_ankle,0.81984425,0.49871376,left_hip,0.06557355,0.03335664,left_knee,0.5803502,0.58754057,left_ankle,1.2810632,0.6366839,0,0,0
Fall__Fall_f_raw_b_3_B_N_157_resized,55,C:\Users\ASUS\Downloads\3D_Human_Pose_NCKH\paper_baselines\lin2021_yolov8_lstm_gru\data\paper_skeleton_csv\Fall\Fall_Fall_f_raw_b_3_B_N_157_resized.csv,1,Fall,nose,-1.1878924,0.59578806,neck,-0.9094105,0.41589975,right_shoulder,-0.9730036,0.2616158,right_elbow,-0.7071271,0.42043802,right_wrist,-0.18648274,0.88633806,left_shoulder,-0.84581727,0.57018393,left_elbow,-0.42213097,1.0110122,left_wrist,-0.06838623,1.1026995,mid_hip,0.0,0.0,right_hip,-0.0067769913,-0.047437333,right_knee,0.42238355,0.2806092,right_ankle,1.1121911,0.34650543,left_hip,0.0067769913,0.047437333,left_knee,0.15299647,0.6500717,left_ankle,0.49303198,0.7637648,0,0,0
Fall__Fall_f_raw_b_3_B_N_157_resized,56,C:\Users\ASUS\Downloads\3D_Human_Pose_NCKH\paper_baselines\lin2021_yolov8_lstm_gru\data\paper_skeleton_csv\Fall\Fall_Fall_f_raw_b_3_B_N_157_resized.csv,1,Fall,nose,-1.1605604,0.5416166,neck,-0.9156248,0.40203393,right_shoulder,-0.97086656,0.23497139,right_elbow,-0.6930115,0.43494567,right_wrist,-0.30011156,0.9499697,left_shoulder,-0.86038315,0.5690962,left_elbow,-0.5904675,1.0274982,left_wrist,-0.5246459,1.1805905,mid_hip,0.0,0.0,right_hip,-0.02205221,-0.049079176,right_knee,0.41435918,0.23664108,right_ankle,0.8465037,0.4251656,left_hip,0.022052439,0.049079176,left_knee,0.3909876,0.56842244,left_ankle,0.66632515,0.6973949,0,0,0
Fall__Fall_f_raw_b_3_B_N_157_resized,57,C:\Users\ASUS\Downloads\3D_Human_Pose_NCKH\paper_baselines\lin2021_yolov8_lstm_gru\data\paper_skeleton_csv\Fall\Fall_Fall_f_raw_b_3_B_N_157_resized.csv,1,Fall,nose,-1.0916666,0.6211936,neck,-0.9101427,0.41429493,right_shoulder,-0.941384,0.24280445,right_elbow,-0.7508304,0.49507907,right_wrist,-0.52176225,1.0830936,left_shoulder,-0.8789013,0.58578545,left_elbow,-0.5730285,1.1056457,left_wrist,-0.6222157,1.3397788,mid_hip,0.0,0.0,right_hip,0.008368057,-0.047272764,right_knee,0.5669397,0.30192363,right_ankle,0.9949774,0.5120637,left_hip,-0.008367827,0.04727265,left_knee,0.28709882,0.5998331,left_ankle,0.5539882,0.7386683,0,0,0
Fall__Fall_f_raw_b_3_B_N_157_resized,58,C:\Users\ASUS\Downloads\3D_Human_Pose_NCKH\paper_baselines\lin2021_yolov8_lstm_gru\data\paper_skeleton_csv\Fall\Fall_Fall_f_raw_b_3_B_N_157_resized.csv,1,Fall,nose,-1.038492,0.5864493,neck,-0.9240185,0.38234758,right_shoulder,-0.9828997,0.34652975,right_elbow,-0.66675603,0.5901606,right_wrist,-0.64860696,1.12248,left_shoulder,-0.8651374,0.41816562,left_elbow,-0.6163773,0.91601455,left_wrist,-0.727345,1.2270534,mid_hip,0.0,0.0,right_hip,-0.06003707,0.029767841,right_knee,0.5470108,0.34411505,right_ankle,0.97103924,0.35904717,left_hip,0.060036846,-0.029767841,left_knee,0.7691291,0.3275203,left_ankle,1.1489862,0.29621184,0,0,0
Fall__Fall_f_raw_b_3_B_N_157_resized,59,C:\Users\ASUS\Downloads\3D_Human_Pose_NCKH\paper_baselines\lin2021_yolov8_lstm_gru\data\paper_skeleton_csv\Fall\Fall_Fall_f_raw_b_3_B_N_157_resized.csv,1,Fall,nose,-1.0500458,0.61480117,neck,-0.9114755,0.41135433,right_shoulder,-0.9595153,0.34355998,right_elbow,-0.78671294,0.5975592,right_wrist,-0.6977226,1.2106267,left_shoulder,-0.8634356,0.47914848,left_elbow,-0.6762106,0.99818826,left_wrist,-0.77897567,1.3042936,mid_hip,0.0,0.0,right_hip,-0.04332885,0.016291194,right_knee,0.61997813,0.33357435,right_ankle,1.1232917,0.3454457,left_hip,0.04332885,-0.016291194,left_knee,0.72627836,0.3689281,left_ankle,1.1811959,0.32661602,0,0,0
Fall__Fall_f_raw_b_3_B_N_157_resized,60,C:\Users\ASUS\Downloads\3D_Human_Pose_NCKH\paper_baselines\lin2021_yolov8_lstm_gru\data\paper_skeleton_csv\Fall\Fall_Fall_f_raw_b_3_B_N_157_resized.csv,1,Fall,nose,-1.0077691,0.6785142,neck,-0.8960641,0.44392475,right_shoulder,-0.94526976,0.37663838,right_elbow,-0.7257273,0.73646444,right_wrist,-0.73380506,1.37033,left_shoulder,-0.84685826,0.5112111,left_elbow,-0.60664445,1.0893538,left_wrist,-0.7303911,1.4525236,mid_hip,0.0,0.0,right_hip,-0.050002776,0.018059988,right_knee,0.707089,0.31180316,right_ankle,1.242846,0.3288506,left_hip,0.05000303,-0.018059988,left_knee,0.81719035,0.39751017,left_ankle,1.3566005,0.3852635,0,0,0
Fall__Fall_f_raw_b_3_B_N_157_resized,61,C:\Users\ASUS\Downloads\3D_Human_Pose_NCKH\paper_baselines\lin2021_yolov8_lstm_gru\data\paper_skeleton_csv\Fall\Fall_Fall_f_raw_b_3_B_N_157_resized.csv,1,Fall,nose,-1.0062575,0.66667765,neck,-0.9113753,0.41157636,right_shoulder,-0.9586593,0.30990356,right_elbow,-0.77566916,0.6051842,right_wrist,-0.76420724,1.2508525,left_shoulder,-0.86409134,0.51324916,left_elbow,-0.6128574,1.0865175,left_wrist,-0.75171363,1.3823993,mid_hip,0.0,0.0,right_hip,-0.044765864,0.0032098596,right_knee,0.7450426,0.30209678,right_ankle,1.2537386,0.34273854,left_hip,0.044765864,-0.0032098596,left_knee,0.7979934,0.45034382,left_ankle,1.3741995,0.4270697,0,0,0
Fall__Fall_f_raw_b_3_B_N_157_resized,62,C:\Users\ASUS\Downloads\3D_Human_Pose_NCKH\paper_baselines\lin2021_yolov8_lstm_gru\data\paper_skeleton_csv\Fall\Fall_Fall_f_raw_b_3_B_N_157_resized.csv,1,Fall,nose,-1.0841368,0.59718245,neck,-0.9341185,0.356963,right_shoulder,-0.9991589,0.24371731,right_elbow,-0.90310955,0.47614065,right_wrist,-0.9438056,1.1503482,left_shoulder,-0.869078,0.4702085,left_elbow,-0.71020335,1.0345855,left_wrist,-0.90593725,1.3616,mid_hip,0.0,0.0,right_hip,-0.061298523,-0.00036104448,right_knee,0.6604048,0.26776642,right_ankle,1.0923799,0.28383577,left_hip,0.06129876,0.00036104448,left_knee,0.8366413,0.391044,left_ankle,1.344995,0.3210828,0,0,0
Fall__Fall_f_raw_b_3_B_N_157_resized,63,C:\Users\ASUS\Downloads\3D_Human_Pose_NCKH\paper_baselines\lin2021_yolov8_lstm_gru\data\paper_skeleton_csv\Fall\Fall_Fall_f_raw_b_3_B_N_157_resized.csv,1,Fall,nose,-1.1076602,0.54375964,neck,-0.9429696,0.33287892,right_shoulder,-1.0011935,0.2001671,right_elbow,-0.9481818,0.40497017,right_wrist,-0.92343736,1.094855,left_shoulder,-0.8847456,0.4655905,left_elbow,-0.7309555,1.0051309,left_wrist,-0.95625234,1.2993553,mid_hip,0.0,0.0,right_hip,-0.049812082,-0.014339683,right_knee,0.6643596,0.2311987,right_ankle,1.1268196,0.2680283,left_hip,0.049812082,0.014339683,left_knee,0.75242585,0.41623724,left_ankle,1.3177587,0.33501306,0,0,0
Fall__Fall_f_raw_b_3_B_N_157_resized,64,C:\Users\ASUS\Downloads\3D_Human_Pose_NCKH\paper_baselines\lin2021_yolov8_lstm_gru\data\paper_skeleton_csv\Fall\Fall_Fall_f_raw_b_3_B_N_157_resized.csv,1,Fall,nose,-1.0755004,0.52235913,neck,-0.95162165,0.3072723,right_shoulder,-0.9690568,0.15659082,right_elbow,-0.9671955,0.36656603,right_wrist,-0.94635946,0.9744598,left_shoulder,-0.9341865,0.45795396,left_elbow,-0.7402488,0.9550631,left_wrist,-0.93871063,1.2323904,mid_hip,0.0,0.0,right_hip,-0.002442202,-0.036733538,right_knee,0.670423,0.26110148,right_ankle,1.1759589,0.23655316,left_hip,0.0024424137,0.036733538,left_knee,0.49519637,0.62535864,left_ankle,1.0592147,0.5669299,0,0,0
Fall__Fall_f_raw_b_3_B_N_157_resized,65,C:\Users\ASUS\Downloads\3D_Human_Pose_NCKH\paper_baselines\lin2021_yolov8_lstm_gru\data\paper_skeleton_csv\Fall\Fall_Fall_f_raw_b_3_B_N_157_resized.csv,1,Fall,nose,-1.0963317,0.5360672,neck,-0.947423,0.31998396,right_shoulder,-0.940433,0.12777537,right_elbow,-1.0181074,0.21156067,right_wrist,-1.1409763,0.5221763,left_shoulder,-0.95441294,0.5121928,left_elbow,-0.7726646,1.0282336,left_wrist,-0.9688101,1.3229262,mid_hip,0.0,0.0,right_hip,0.037914917,-0.06663701,right_knee,0.7702008,0.25375167,right_ankle,1.3083817,0.23551565,left_hip,-0.037914917,0.06663712,left_knee,0.29919633,0.7463741,left_ankle,0.6642417,0.7368064,0,0,0
Fall__Fall_f_raw_b_3_B_N_157_resized,66,C:\Users\ASUS\Downloads\3D_Human_Pose_NCKH\paper_baselines\lin2021_yolov8_lstm_gru\data\paper_skeleton_csv\Fall\Fall_Fall_f_raw_b_3_B_N_157_resized.csv,1,Fall,nose,-1.0779068,0.6694392,neck,-0.92307913,0.38461015,right_shoulder,-0.9480307,0.2140971,right_elbow,-0.96272844,0.43415827,right_wrist,-1.0098525,1.1737217,left_shoulder,-0.8981276,0.5551229,left_elbow,-0.6447595,1.1611632,left_wrist,-0.80441505,1.4932747,mid_hip,0.0,0.0,right_hip,0.00046183995,-0.03197736,right_knee,0.79809034,0.37949297,right_ankle,1.2998393,0.51539457,left_hip,-0.0004620929,0.031977486,left_knee,0.5227725,0.6702369,left_ankle,1.0578548,0.7922469,0,0,0
Fall__Fall_f_raw_b_3_B_N_157_resized,67,C:\Users\ASUS\Downloads\3D_Human_Pose_NCKH\paper_baselines\lin2021_yolov8_lstm_gru\data\paper_skeleton_csv\Fall\Fall_Fall_f_raw_b_3_B_N_157_resized.csv,1,Fall,nose,-1.1296241,0.48214093,neck,-0.9574819,0.28849328,right_shoulder,-1.0064313,0.16453925,right_elbow,-0.94297856,0.35735115,right_wrist,-0.97034085,0.94492453,left_shoulder,-0.90853244,0.41244748,left_elbow,-0.80889195,0.9091289,left_wrist,-0.9811046,1.2142613,mid_hip,0.0,0.0,right_hip,-0.050658695,-0.020071475,right_knee,0.43717185,0.32862794,right_ankle,0.8133702,0.27938002,left_hip,0.050658695,0.020071475,left_knee,0.6456664,0.56803685,left_ankle,1.1413826,0.42639473,0,0,0
Fall__Fall_f_raw_b_3_B_N_157_resized,68,C:\Users\ASUS\Downloads\3D_Human_Pose_NCKH\paper_baselines\lin2021_yolov8_lstm_gru\data\paper_skeleton_csv\Fall\Fall_Fall_f_raw_b_3_B_N_157_resized.csv,1,Fall,nose,-1.1626337,0.4409275,neck,-0.9606226,0.27785638,right_shoulder,-1.0256764,0.18922792,right_elbow,-0.9217914,0.41411358,right_wrist,-0.9486301,1.0167253,left_shoulder,-0.89556885,0.36648485,left_elbow,-0.79126877,0.86068755,left_wrist,-1.0022544,1.2102348,mid_hip,0.0,0.0,right_hip,-0.066770665,-0.00024946796,right_knee,0.46254835,0.35472208,right_ankle,0.8737072,0.33409998,left_hip,0.06677045,0.00024925216,left_knee,0.71944857,0.5026106,left_ankle,1.2114711,0.40570268,0,0,0
Fall__Fall_f_raw_b_3_B_N_157_resized,69,C:\Users\ASUS\Downloads\3D_Human_Pose_NCKH\paper_baselines\lin2021_yolov8_lstm_gru\data\paper_skeleton_csv\Fall\Fall_Fall_f_raw_b_3_B_N_157_resized.csv,1,Fall,nose,-1.1769551,0.4109665,neck,-0.96476907,0.2630981,right_shoulder,-1.0394257,0.17040075,right_elbow,-0.95812184,0.4050044,right_wrist,-0.9705695,1.0017045,left_shoulder,-0.8901123,0.3557954,left_elbow,-0.75448203,0.8757539,left_wrist,-1.0057485,1.2390826,mid_hip,0.0,0.0,right_hip,-0.07110265,-0.0018172925,right_knee,0.5640359,0.3130453,right_ankle,0.99135983,0.26807126,left_hip,0.07110242,0.0018175192,left_knee,0.78508717,0.4819261,left_ankle,1.3102028,0.37877405,0,0,0
Fall__Fall_f_raw_b_3_B_N_157_resized,70,C:\Users\ASUS\Downloads\3D_Human_Pose_NCKH\paper_baselines\lin2021_yolov8_lstm_gru\data\paper_skeleton_csv\Fall\Fall_Fall_f_raw_b_3_B_N_157_resized.csv,1,Fall,nose,-1.1956232,0.47544122,neck,-0.9535207,0.30132756,right_shoulder,-0.9811539,0.16558038,right_elbow,-1.0074998,0.20998792,right_wrist,-1.242921,0.3876095,left_shoulder,-0.92588747,0.43707496,left_elbow,-0.74225414,0.970805,left_wrist,-0.94981265,1.2565361,mid_hip,0.0,0.0,right_hip,-0.022664756,-0.016865948,right_knee,0.43390396,0.373438,right_ankle,0.8071197,0.38618505,left_hip,0.022664983,0.016865948,left_knee,0.4586394,0.5101415,left_ankle,1.0126177,0.51132256,0,0,0
Fall__Fall_f_raw_b_3_B_N_157_resized,71,C:\Users\ASUS\Downloads\3D_Human_Pose_NCKH\paper_baselines\lin2021_yolov8_lstm_gru\data\paper_skeleton_csv\Fall\Fall_Fall_f_raw_b_3_B_N_157_resized.csv,1,Fall,nose,-1.2031052,0.37924024,neck,-0.9625278,0.2711829,right_shoulder,-1.026125,0.17833239,right_elbow,-0.9708373,0.36996594,right_wrist,-1.1294866,0.59940773,left_shoulder,-0.8989306,0.36403316,left_elbow,-0.71360904,0.830903,left_wrist,-0.9332029,1.1172765,mid_hip,0.0,0.0,right_hip,-0.04219915,-0.0074756313,right_knee,0.21713343,0.42822343,right_ankle,0.45356765,0.38366458,left_hip,0.04219895,0.0074758343,left_knee,0.30554238,0.51277155,left_ankle,0.56860954,0.44179538,0,0,0
Fall__Fall_f_raw_b_3_B_N_157_resized,72,C:\Users\ASUS\Downloads\3D_Human_Pose_NCKH\paper_baselines\lin2021_yolov8_lstm_gru\data\paper_skeleton_csv\Fall\Fall_Fall_f_raw_b_3_B_N_157_resized.csv,1,Fall,nose,-1.0061859,0.6224714,neck,-0.92028636,0.39124545,right_shoulder,-1.0565989,0.26256847,right_elbow,-1.1949722,0.26517928,right_wrist,-1.5315633,0.30100504,left_shoulder,-0.7839738,0.5199227,left_elbow,-0.6798412,1.049962,left_wrist,-0.93406326,1.3731037,mid_hip,0.0,0.0,right_hip,-0.0850977,-0.008377546,right_knee,0.39970285,0.3307851,right_ankle,0.6100847,0.3504027,left_hip,0.0850977,0.008377546,left_knee,0.47320014,0.41585034,left_ankle,0.6943278,0.36280584,0,0,0
Fall__Fall_f_raw_b_3_B_N_157_resized,73,C:\Users\ASUS\Downloads\3D_Human_Pose_NCKH\paper_baselines\lin2021_yolov8_lstm_gru\data\paper_skeleton_csv\Fall\Fall_Fall_f_raw_b_3_B_N_157_resized.csv,1,Fall,nose,-1.3534075,0.21831429,neck,-0.98131156,0.19242553,right_shoulder,-1.0183835,0.17599967,right_elbow,-0.81436217,0.57798064,right_wrist,-0.99907535,0.8335058,left_shoulder,-0.94423974,0.20885138,left_elbow,-0.7139897,0.64863735,left_wrist,-0.9919064,0.92944545,mid_hip,0.0,0.0,right_hip,-0.028359856,0.01772055,right_knee,0.24169259,0.23804489,right_ankle,0.4493358,0.08054581,left_hip,0.028360052,-0.017720355,left_knee,0.36496866,0.3013201,left_ankle,0.5670584,0.09520677,0,0,0
Fall__Fall_f_raw_b_3_B_N_157_resized,74,C:\Users\ASUS\Downloads\3D_Human_Pose_NCKH\paper_baselines\lin2021_yolov8_lstm_gru\data\paper_skeleton_csv\Fall\Fall_Fall_f_raw_b_3_B_N_157_resized.csv,1,Fall,nose,-1.3851112,0.14831093,neck,-0.98869133,0.1499652,right_shoulder,-1.0112941,0.15618378,right_elbow,-0.7759658,0.55674845,right_wrist,-1.0025524,0.70681745,left_shoulder,-0.96608853,0.14374661,left_elbow,-0.6882581,0.5700566,left_wrist,-0.98136497,0.83883435,mid_hip,0.0,0.0,right_hip,-0.0180408,0.027448962,right_knee,0.39792827,0.09933078,right_ankle,0.63751507,0.0953211,left_hip,0.018040987,-0.027449146,left_knee,0.4458267,0.15751301,left_ankle,0.71266305,0.09667548,0,0,0
Fall__Fall_f_raw_b_3_B_N_157_resized,75,C:\Users\ASUS\Downloads\3D_Human_Pose_NCKH\paper_baselines\lin2021_yolov8_lstm_gru\data\paper_skeleton_csv\Fall\Fall_Fall_f_raw_b_3_B_N_157_resized.csv,1,Fall,nose,-1.4055952,0.09259617,neck,-0.9944056,0.10562889,right_shoulder,-1.0154479,0.1093198,right_elbow,-0.7950752,0.48859602,right_wrist,-1.0115672,0.62474424,left_shoulder,-0.97336334,0.101938166,left_elbow,-0.66031474,0.5078601,left_wrist,-0.9786287,0.7686392,mid_hip,0.0,0.0,right_hip,-0.014538898,0.027209291,right_knee,0.4373813,0.08822055,right_ankle,0.69565874,0.059798684,left_hip,0.014538722,-0.027209291,left_knee,0.4618517,0.1481853,left_ankle,0.77026165,0.051843096,0,0,0
Fall__Fall_f_raw_b_3_B_N_157_resized,76,C:\Users\ASUS\Downloads\3D_Human_Pose_NCKH\paper_baselines\lin2021_yolov8_lstm_gru\data\paper_skeleton_csv\Fall\Fall_Fall_f_raw_b_3_B_N_157_resized.csv,1,Fall,nose,-1.45108,0.030827286,neck,-0.99891,0.04667813,right_shoulder,-1.0097216,0.024885552,right_elbow,-0.7214357,0.3733398,right_wrist,-0.96626306,0.5580198,left_shoulder,-0.9880984,0.06847071,left_elbow,-0.6196724,0.47074902,left_wrist,-0.94574034,0.6964163,mid_hip,0.0,0.0,right_hip,-0.007460677,0.012312145,right_knee,0.39670157,0.05724147,right_ankle,0.6139895,0.016740857,left_hip,0.007460857,-0.012312145,left_knee,0.42789185,0.15489905,left_ankle,0.6997436,0.023837095,0,0,0
Fall__Fall_f_raw_b_3_B_N_157_resized,77,C:\Users\ASUS\Downloads\3D_Human_Pose_NCKH\paper_baselines\lin2021_yolov8_lstm_gru\data\paper_skeleton_csv\Fall\Fall_Fall_f_raw_b_3_B_N_157_resized.csv,1,Fall,nose,-1.4604149,-0.09196693,neck,-0.9987245,-0.050490998,right_shoulder,-1.0032132,-0.11546157,right_elbow,-0.7833929,0.20226334,right_wrist,-1.0018064,0.441445,left_shoulder,-0.994236,0.014479751,left_elbow,-0.63143694,0.3822575,left_wrist,-0.98307675,0.58601475,mid_hip,0.0,0.0,right_hip,0.0007578122,-0.016620006,right_knee,0.13799925,0.068695605,right_ankle,0.40498427,-0.08700904,left_hip,-0.0007578122,0.016620006,left_knee,0.22536568,0.25127876,left_ankle,0.46813846,-0.029188292,0,0,0
Fall__Fall_f_raw_b_3_B_N_157_resized,78,C:\Users\ASUS\Downloads\3D_Human_Pose_NCKH\paper_baselines\lin2021_yolov8_lstm_gru\data\paper_skeleton_csv\Fall\Fall_Fall_f_raw_b_3_B_N_157_resized.csv,1,Fall,nose,-1.466539,-0.12662539,neck,-0.99633574,-0.08552784,right_shoulder,-0.9746246,-0.15829796,right_elbow,-0.7146564,0.20407677,right_wrist,-1.0235585,0.39613217,left_shoulder,-1.0180471,-0.012757712,left_elbow,-0.64816904,0.38408515,left_wrist,-1.0016081,0.5381046,mid_hip,0.0,0.0,right_hip,0.018457035,-0.023794418,right_knee,0.12160648,0.008679277,right_ankle,0.36327526,-0.12771243,left_hip,-0.01845721,0.023794418,left_knee,0.17114401,0.2259853,left_ankle,0.39104554,-0.07631437,0,0,0
Fall__Fall_f_raw_b_3_B_N_157_resized,79,C:\Users\ASUS\Downloads\3D_Human_Pose_NCKH\paper_baselines\lin2021_yolov8_lstm_gru\data\paper_skeleton_csv\Fall\Fall_Fall_f_raw_b_3_B_N_157_resized.csv,1,Fall,nose,-1.4975833,-0.14453417,neck,-0.9955074,-0.09468362,right_shoulder,-1.0033439,-0.21916711,right_elbow,-0.76601887,0.0066584907,right_wrist,-0.984192,0.39690503,left_shoulder,-0.9876707,0.029800072,left_elbow,-0.6141425,0.4324253,left_wrist,-1.0492097,0.54650897,mid_hip,0.0,0.0,right_hip,0.00457764,-0.044532634,right_knee,0.2492954,-0.07484005,right_ankle,0.50212383,-0.10557516,left_hip,-0.0045778328,0.044532634,left_knee,0.29776546,0.17331995,left_ankle,0.5036077,0.011216462,0,0,0
Fall__Fall_f_raw_b_3_B_N_157_resized,80,C:\Users\ASUS\Downloads\3D_Human_Pose_NCKH\paper_baselines\lin2021_yolov8_lstm_gru\data\paper_skeleton_csv\Fall\Fall_Fall_f_raw_b_3_B_N_157_resized.csv,1,Fall,nose,-1.5311975,-0.15290385,neck,-0.99549294,-0.09483568,right_shoulder,-0.9503534,-0.26980025,right_elbow,-0.682902,-0.23753329,right_wrist,-1.0472744,-0.057640918,left_shoulder,-1.0406326,0.08012888,left_elbow,-0.8168182,0.45235586,left_wrist,-1.0504594,0.43153617,mid_hip,0.0,0.0,right_hip,0.03295507,-0.06232368,right_knee,0.38482973,-0.16830687,right_ankle,0.6150634,-0.21889587,left_hip,-0.03295527,0.062323477,left_knee,0.4538018,0.10422269,left_ankle,0.5856306,-0.075863644,0,0,0
Fall__Fall_f_raw_b_3_B_N_157_resized,81,C:\Users\ASUS\Downloads\3D_Human_Pose_NCKH\paper_baselines\lin2021_yolov8_lstm_gru\data\paper_skeleton_csv\Fall\Fall_Fall_f_raw_b_3_B_N_157_resized.csv,1,Fall,nose,-1.498022,-0.17991564,neck,-0.9930655,-0.11756218,right_shoulder,-0.9475699,-0.29674533,right_elbow,-0.67872334,-0.21250613,right_wrist,-1.0175539,0.066267245,left_shoulder,-1.0385611,0.06162098,left_elbow,-0.83892,0.5031768,left_wrist,-1.1274555,0.43289673,mid_hip,0.0,0.0,right_hip,0.030558547,-0.060772244,right_knee,0.40968162,-0.16447577,right_ankle,0.6493268,-0.23148213,left_hip,-0.030558547,0.060772244,left_knee,0.48530284,0.1086907,left_ankle,0.68022835,-0.050004385,0,0,0
Fall__Fall_f_raw_b_3_B_N_157_resized,82,C:\Users\ASUS\Downloads\3D_Human_Pose_NCKH\paper_baselines\lin2021_yolov8_lstm_gru\data\paper_skeleton_csv\Fall\Fall_Fall_f_raw_b_3_B_N_157_resized.csv,1,Fall,nose,-1.3625333,-0.33199394,neck,-0.98592746,-0.16717404,right_shoulder,-0.83034915,-0.31823176,right_elbow,-0.45881754,-0.151193,right_wrist,-0.65859574,0.20632899,left_shoulder,-1.1415057,-0.016116511,left_elbow,-0.99595463,0.41986778,left_wrist,-0.8121799,0.33665818,mid_hip,0.0,0.0,right_hip,0.09964426,-0.044930402,right_knee,0.4884476,-0.2566908,right_ankle,0.9140556,-0.28768867,left_hip,-0.09964426,0.044930402,left_knee,0.55055475,0.030148434,left_ankle,0.92541146,-0.16592456,0,0,0
Fall__Fall_f_raw_b_3_B_N_157_resized,83,C:\Users\ASUS\Downloads\3D_Human_Pose_NCKH\paper_baselines\lin2021_yolov8_lstm_gru\data\paper_skeleton_csv\Fall\Fall_Fall_f_raw_b_3_B_N_157_resized.csv,1,Fall,nose,-1.3797737,-0.3647234,neck,-0.9858005,-0.16792105,right_shoulder,-0.8064596,-0.31487185,right_elbow,-0.4453188,-0.20580626,right_wrist,-0.71156555,-0.0917308,left_shoulder,-1.1651415,-0.020970067,left_elbow,-1.068799,0.3994678,left_wrist,-0.8871387,0.22237101,mid_hip,0.0,0.0,right_hip,0.11545343,-0.039478846,right_knee,0.5260289,-0.32856658,right_ankle,0.9500964,-0.23750502,left_hip,-0.11545343,0.039478846,left_knee,0.5424817,-0.099940255,left_ankle,0.89023936,-0.17081112,0,0,0
Fall__Fall_f_raw_b_3_B_N_157_resized,84,C:\Users\ASUS\Downloads\3D_Human_Pose_NCKH\paper_baselines\lin2021_yolov8_lstm_gru\data\paper_skeleton_csv\Fall\Fall_Fall_f_raw_b_3_B_N_157_resized.csv,1,Fall,nose,-1.071922,-0.3502902,neck,-0.9916175,-0.1292078,right_shoulder,-0.7835965,-0.23340009,right_elbow,-0.48796037,-0.19024667,right_wrist,-0.8448035,-0.26794615,left_shoulder,-1.1996385,-0.025015717,left_elbow,-1.1810435,0.2672426,left_wrist,-1.163125,-0.17511104,mid_hip,0.0,0.0,right_hip,0.12664418,-0.012615637,right_knee,0.545698,-0.3418005,right_ankle,0.94826347,-0.1865082,left_hip,-0.12664418,0.012615841,left_knee,0.45664886,-0.19570409,left_ankle,0.89558154,-0.13184974,0,0,0
Fall__Fall_f_raw_b_3_B_N_157_resized,85,C:\Users\ASUS\Downloads\3D_Human_Pose_NCKH\paper_baselines\lin2021_yolov8_lstm_gru\data\paper_skeleton_csv\Fall\Fall_Fall_f_raw_b_3_B_N_157_resized.csv,1,Fall,nose,-1.0444139,-0.27414235,neck,-0.9975827,-0.06948965,right_shoulder,-0.7850002,-0.15523858,right_elbow,-0.46528378,-0.05699845,right_wrist,-0.7714485,0.038932584,left_shoulder,-1.210165,0.016259281,left_elbow,-1.1685501,0.34244463,left_wrist,-1.0857966,0.12792817,mid_hip,0.0,0.0,right_hip,0.12769744,-0.00529657,right_knee,0.5200866,-0.32131425,right_ankle,0.9066089,-0.17543,left_hip,-0.12769765,0.00529657,left_knee,0.4758141,-0.18476602,left_ankle,0.9030622,-0.12556967,0,0,0
Fall__Fall_f_raw_b_3_B_N_157_resized,86,C:\Users\ASUS\Downloads\3D_Human_Pose_NCKH\paper_baselines\lin2021_yolov8_lstm_gru\data\paper_skeleton_csv\Fall\Fall_Fall_f_raw_b_3_B_N_157_resized.csv,1,Fall,nose,-1.1247294,-0.3179292,neck,-0.9946636,-0.103170946,right_shoulder,-0.8436048,-0.1425109,right_elbow,-0.7372805,-0.13562657,right_wrist,-1.1901044,-0.13038038,left_shoulder,-1.1457225,-0.063831195,left_elbow,-1.3743392,0.14861219,left_wrist,-1.4852571,-0.08657668,mid_hip,0.0,0.0,right_hip,0.08246692,0.011970092,right_knee,0.45702833,-0.37799215,right_ankle,0.8540658,-0.28000745,left_hip,-0.082466714,-0.011970092,left_knee,0.4426189,-0.32081014,left_ankle,0.81276655,-0.2266033,0,0,0
Fall__Fall_f_raw_b_3_B_N_157_resized,87,C:\Users\ASUS\Downloads\3D_Human_Pose_NCKH\paper_baselines\lin2021_yolov8_lstm_gru\data\paper_skeleton_csv\Fall\Fall_Fall_f_raw_b_3_B_N_157_resized.csv,1,Fall,nose,-1.1660626,-0.22246324,neck,-0.9982099,-0.059808042,right_shoulder,-0.91967875,-0.019134942,right_elbow,-0.7758592,-0.008275324,right_wrist,-1.1617284,-0.20442834,left_shoulder,-1.076741,-0.10048114,left_elbow,-1.0623491,-0.08662594,left_wrist,-1.2170148,-0.2876632,mid_hip,0.0,0.0,right_hip,0.037365675,0.04321677,right_knee,0.4017665,-0.36394408,right_ankle,0.773979,-0.25479028,left_hip,-0.037365675,-0.043216567,left_knee,0.33628824,-0.33543172,left_ankle,0.78676933,-0.2232953,0,0,0
Fall__Fall_f_raw_b_3_B_N_157_resized,88,C:\Users\ASUS\Downloads\3D_Human_Pose_NCKH\paper_baselines\lin2021_yolov8_lstm_gru\data\paper_skeleton_csv\Fall\Fall_Fall_f_raw_b_3_B_N_157_resized.csv,1,Fall,nose,-1.1220317,-0.105139725,neck,-0.9936283,0.11270714,right_shoulder,-0.8629625,0.07152114,right_elbow,-0.8040239,-0.058454335,right_wrist,-1.1319448,-0.09304023,left_shoulder,-1.1242942,0.15389334,left_elbow,-1.2680411,0.19722848,left_wrist,-1.2549552,-0.04139665,mid_hip,0.0,0.0,right_hip,0.07502875,0.012414786,right_knee,0.36463925,-0.3324278,right_ankle,0.6455216,-0.30208573,left_hip,-0.07502875,-0.012414786,left_knee,0.37805784,-0.28525412,left_ankle,0.67529815,-0.26929602,0,0,0
Fall__Fall_f_raw_b_3_B_N_157_resized,89,C:\Users\ASUS\Downloads\3D_Human_Pose_NCKH\paper_baselines\lin2021_yolov8_lstm_gru\data\paper_skeleton_csv\Fall\Fall_Fall_f_raw_b_3_B_N_157_resized.csv,1,Fall,nose,-1.138457,-0.021997346,neck,-0.9792036,0.20288014,right_shoulder,-0.84430736,0.14539073,right_elbow,-0.72710025,0.031736027,right_wrist,-1.1306918,0.0570521,left_shoulder,-1.1141,0.26036954,left_elbow,-1.1951077,0.37343433,left_wrist,-1.2165147,0.136984,mid_hip,0.0,0.0,right_hip,0.08369612,-0.0061392556,right_knee,0.13691446,-0.124392934,right_ankle,0.35661823,-0.24909677,left_hip,-0.08369612,0.0061392556,left_knee,0.06785037,-0.052846402,left_ankle,0.34637502,-0.17492785,0,0,0
Fall__Fall_f_raw_b_3_B_N_157_resized,90,C:\Users\ASUS\Downloads\3D_Human_Pose_NCKH\paper_baselines\lin2021_yolov8_lstm_gru\data\paper_skeleton_csv\Fall\Fall_Fall_f_raw_b_3_B_N_157_resized.csv,1,Fall,nose,-1.2103107,-0.09879062,neck,-0.9891556,0.14687194,right_shoulder,-0.8564317,0.1218608,right_elbow,-0.7705021,-0.062221535,right_wrist,-1.3365157,-0.098512985,left_shoulder,-1.1218795,0.1718829,left_elbow,-1.31767,0.1592904,left_wrist,-1.4595938,-0.07924761,mid_hip,0.0,0.0,right_hip,0.0736942,0.014302449,right_knee,0.4216506,-0.40301293,right_ankle,0.7124079,-0.26677963,left_hip,-0.0736942,-0.014302268,left_knee,0.39702526,-0.36836573,left_ankle,0.75876147,-0.24311714,0,0,0
Fall__Fall_f_raw_b_3_B_N_157_resized,91,C:\Users\ASUS\Downloads\3D_Human_Pose_NCKH\paper_baselines\lin2021_yolov8_lstm_gru\data\paper_skeleton_csv\Fall\Fall_Fall_f_raw_b_3_B_N_157_resized.csv,1,Fall,nose,-1.30743,-0.073751375,neck,-0.9821369,0.18816794,right_shoulder,-0.91952306,0.16355921,right_elbow,-0.64196336,-0.025598843,right_wrist,-0.9548554,-0.06551705,left_shoulder,-1.0447506,0.21277685,left_elbow,-0.8833828,0.2083826,left_wrist,-0.81895816,-0.013158935,mid_hip,0.0,0.0,right_hip,0.03990895,0.014474974,right_knee,0.41600442,-0.37534088,right_ankle,0.7164088,-0.23298389,left_hip,-0.03990913,-0.014474974,left_knee,0.38817242,-0.37025067,left_ankle,0.70448256,-0.25232375,0,0,0
Fall__Fall_f_raw_b_3_B_N_157_resized,92,C:\Users\ASUS\Downloads\3D_Human_Pose_NCKH\paper_baselines\lin2021_yolov8_lstm_gru\data\paper_skeleton_csv\Fall\Fall_Fall_f_raw_b_3_B_N_157_resized.csv,1,Fall,nose,-1.3340663,0.026613481,neck,-0.98236465,0.18697526,right_shoulder,-0.9554597,0.22190979,right_elbow,-0.6023968,-0.030886233,right_wrist,-0.41352832,-0.17598687,left_shoulder,-1.0092697,0.15204054,left_elbow,-0.6336791,-0.025525413,left_wrist,-0.37915343,-0.13699201,mid_hip,0.0,0.0,right_hip,0.019833924,0.041290365,right_knee,0.39579177,-0.4604111,right_ankle,0.66476554,-0.30288926,left_hip,-0.019833924,-0.041290365,left_knee,0.34755528,-0.4721225,left_ankle,0.6412499,-0.26465723,0,0,0
Fall__Fall_f_raw_b_3_B_N_157_resized,93,C:\Users\ASUS\Downloads\3D_Human_Pose_NCKH\paper_baselines\lin2021_yolov8_lstm_gru\data\paper_skeleton_csv\Fall\Fall_Fall_f_raw_b_3_B_N_157_resized.csv,1,Fall,nose,-1.2267135,-0.053484913,neck,-0.99214554,0.12508921,right_shoulder,-0.9628123,0.1746347,right_elbow,-0.6211133,-0.05479599,right_wrist,-0.32151023,-0.28115112,left_shoulder,-1.0214788,0.07554373,left_elbow,-0.59629226,-0.11033729,left_wrist,-0.1937397,-0.2716519,mid_hip,0.0,0.0,right_hip,0.026644396,0.061702643,right_knee,0.7226494,-0.5028651,right_ankle,1.0305907,-0.3673578,left_hip,-0.026644595,-0.061702643,left_knee,0.6059588,-0.5315814,left_ankle,1.0303497,-0.32699487,0,0,0
Fall__Fall_f_raw_b_3_B_N_157_resized,94,C:\Users\ASUS\Downloads\3D_Human_Pose_NCKH\paper_baselines\lin2021_yolov8_lstm_gru\data\paper_skeleton_csv\Fall\Fall_Fall_f_raw_b_3_B_N_157_resized.csv,1,Fall,nose,-0.5810455,-0.07621357,neck,-0.9214825,0.38841975,right_shoulder,0.0036598176,0.20081505,right_elbow,-1.0585716,-0.27702758,right_wrist,-1.0064634,-0.8672893,left_shoulder,-1.8466238,0.5760245,left_elbow,-2.4338698,-0.07466278,left_wrist,-0.7518478,-0.9875248,mid_hip,0.0,0.0,right_hip,0.6578392,0.08588803,right_knee,4.176186,-3.0876331,right_ankle,4.839416,-1.2626319,left_hip,-0.65783817,-0.08588803,left_knee,3.074958,-2.9171412,left_ankle,4.8526535,-1.2023907,0,0,0
Fall__Fall_f_raw_b_3_B_N_157_resized,95,C:\Users\ASUS\Downloads\3D_Human_Pose_NCKH\paper_baselines\lin2021_yolov8_lstm_gru\data\paper_skeleton_csv\Fall\Fall_Fall_f_raw_b_3_B_N_157_resized.csv,1,Fall,nose,-0.5981158,-0.06192466,neck,-0.99899495,0.044823248,right_shoulder,-0.4586375,0.04275084,right_elbow,-1.2121243,-0.45966363,right_wrist,-1.1336653,-0.7868695,left_shoulder,-1.539352,0.04689566,left_elbow,-2.069714,-0.64976025,left_wrist,-1.0210109,-0.8439574,mid_hip,0.0,0.0,right_hip,0.3841529,0.119583026,right_knee,2.3780463,-2.1057107,right_ankle,2.7734053,-0.9268223,left_hip,-0.3841529,-0.119583696,left_knee,1.6753958,-2.1234183,left_ankle,2.7936833,-0.92641157,0,0,0
Fall__Fall_f_raw_b_3_B_N_157_resized,96,C:\Users\ASUS\Downloads\3D_Human_Pose_NCKH\paper_baselines\lin2021_yolov8_lstm_gru\data\paper_skeleton_csv\Fall\Fall_Fall_f_raw_b_3_B_N_157_resized.csv,1,Fall,nose,-0.67946327,0.2898293,neck,-0.9569679,0.29019383,right_shoulder,-0.75515693,0.3184861,right_elbow,-1.0509752,-0.040829755,right_wrist,-0.66762877,-0.13381365,left_shoulder,-1.1587788,0.26190156,left_elbow,-1.1549282,-0.15877871,left_wrist,-0.57324845,-0.19020465,mid_hip,0.0,0.0,right_hip,0.14910088,0.1008762,right_knee,1.4235708,-0.7172139,right_ankle,1.5060444,-0.36491233,left_hip,-0.14910124,-0.10087584,left_knee,1.0736576,-0.8780314,left_ankle,1.530851,-0.44266754,0,0,0
Fall__Fall_f_raw_b_3_B_N_157_resized,97,C:\Users\ASUS\Downloads\3D_Human_Pose_NCKH\paper_baselines\lin2021_yolov8_lstm_gru\data\paper_skeleton_csv\Fall\Fall_Fall_f_raw_b_3_B_N_157_resized.csv,1,Fall,nose,-1.3061134,0.11158703,neck,-0.9729706,0.2309291,right_shoulder,-0.942399,0.36407214,right_elbow,-0.60183716,0.2804177,right_wrist,-0.4492863,-0.117223434,left_shoulder,-1.0035422,0.097785905,left_elbow,-0.654501,-0.15862028,left_wrist,-0.48267716,-0.15616547,mid_hip,0.0,0.0,right_hip,0.024321912,0.08578741,right_knee,0.5296326,-0.49908656,right_ankle,0.7086753,-0.20087333,left_hip,-0.024321912,-0.08578741,left_knee,0.43838036,-0.56085354,left_ankle,0.6839054,-0.21756452,0,0,0
Fall__Fall_f_raw_b_3_B_N_157_resized,98,C:\Users\ASUS\Downloads\3D_Human_Pose_NCKH\paper_baselines\lin2021_yolov8_lstm_gru\data\paper_skeleton_csv\Fall\Fall_Fall_f_raw_b_3_B_N_157_resized.csv,1,Fall,nose,-1.3325901,0.16587359,neck,-0.96718013,0.25409144,right_shoulder,-0.8327283,0.34391657,right_elbow,-0.3416474,0.11864464,right_wrist,-0.5753979,-0.16799705,left_shoulder,-1.1016319,0.16426633,left_elbow,-0.7560805,-0.073522426,left_wrist,-0.56202406,-0.17209119,mid_hip,0.0,0.0,right_hip,0.08406915,0.0622984,right_knee,0.5167838,-0.45893872,right_ankle,0.6641279,-0.33749756,left_hip,-0.084069334,-0.062298212,left_knee,0.38992414,-0.5050261,left_ankle,0.6491986,-0.35436416,0,0,0
Fall__Fall_f_raw_b_3_B_N_157_resized,99,C:\Users\ASUS\Downloads\3D_Human_Pose_NCKH\paper_baselines\lin2021_yolov8_lstm_gru\data\paper_skeleton_csv\Fall\Fall_Fall_f_raw_b_3_B_N_157_resized.csv,1,Fall,nose,-1.334006,0.20389201,neck,-0.9455357,0.3255183,right_shoulder,-0.8252384,0.36426875,right_elbow,-0.24560624,0.22048604,right_wrist,-0.60316944,-0.11056214,left_shoulder,-1.0658331,0.28676808,left_elbow,-0.5689605,0.19169144,left_wrist,-0.62078613,-0.11112747,mid_hip,0.0,0.0,right_hip,0.08029727,0.032121822,right_knee,0.5676656,-0.5208389,right_ankle,0.5913699,-0.27703482,left_hip,-0.08029708,-0.032121822,left_knee,0.42713422,-0.5061899,left_ankle,0.5646704,-0.2822035,0,0,0
Fall__Fall_f_raw_b_3_B_N_157_resized,100,C:\Users\ASUS\Downloads\3D_Human_Pose_NCKH\paper_baselines\lin2021_yolov8_lstm_gru\data\paper_skeleton_csv\Fall\Fall_Fall_f_raw_b_3_B_N_157_resized.csv,1,Fall,nose,-0.75683016,0.11519263,neck,-0.93187773,0.36277246,right_shoulder,-0.61503553,0.3915969,right_elbow,0.082444966,0.3887991,right_wrist,-0.6109199,-0.1825282,left_shoulder,-1.2487203,0.333948,left_elbow,-0.7359208,0.35632575,left_wrist,-0.9540828,-0.15917516,mid_hip,0.0,0.0,right_hip,0.20704708,0.048240088,right_knee,1.3544639,-0.9620994,right_ankle,1.3051168,-0.24275151,left_hip,-0.20704739,-0.04823977,left_knee,1.0706143,-0.9266677,left_ankle,1.2714521,-0.27174094,0,0,0
Fall__Fall_f_raw_b_3_B_N_157_resized,101,C:\Users\ASUS\Downloads\3D_Human_Pose_NCKH\paper_baselines\lin2021_yolov8_lstm_gru\data\paper_skeleton_csv\Fall\Fall_Fall_f_raw_b_3_B_N_157_resized.csv,1,Fall,nose,-1.1932178,0.14599612,neck,-0.9485074,0.3167548,right_shoulder,-0.58541507,0.36183771,right_elbow,0.029174468,0.35571384,right_wrist,-0.4385362,-0.06273442,left_shoulder,-1.3115997,0.27167207,left_elbow,-1.1104481,0.2394138,left_wrist,-0.9528469,-0.080797054,mid_hip,0.0,0.0,right_hip,0.22863422,0.04275028,right_knee,0.8000939,-0.6866903,right_ankle,0.817282,-0.22418895,left_hip,-0.22863445,-0.04275028,left_knee,0.60351926,-0.67503774,left_ankle,0.77302694,-0.2525629,0,0,0
Fall__Fall_f_raw_b_3_B_N_157_resized,102,C:\Users\ASUS\Downloads\3D_Human_Pose_NCKH\paper_baselines\lin2021_yolov8_lstm_gru\data\paper_skeleton_csv\Fall\Fall_Fall_f_raw_b_3_B_N_157_resized.csv,1,Fall,nose,-1.3255727,0.15719868,neck,-0.9330021,0.359871,right_shoulder,-0.6303875,0.4192836,right_elbow,-0.0053025517,0.3949812,right_wrist,-0.4087276,-0.04918804,left_shoulder,-1.2356167,0.3004584,left_elbow,-0.9152659,0.21364257,left_wrist,-0.59663177,-0.12006165,mid_hip,0.0,0.0,right_hip,0.19891806,0.047728233,right_knee,0.8208923,-0.6754458,right_ankle,0.7118816,-0.27449474,left_hip,-0.19891785,-0.04772844,left_knee,0.62350017,-0.67746824,left_ankle,0.66456425,-0.3229179,0,0,0
Fall__Fall_f_raw_b_3_B_N_157_resized,103,C:\Users\ASUS\Downloads\3D_Human_Pose_NCKH\paper_baselines\lin2021_yolov8_lstm_gru\data\paper_skeleton_csv\Fall\Fall_Fall_f_raw_b_3_B_N_157_resized.csv,1,Fall,nose,-1.3667948,0.18708396,neck,-0.9420947,0.3353469,right_shoulder,-0.636519,0.42043844,right_elbow,-0.0115179485,0.36894777,right_wrist,-0.3144399,0.018791089,left_shoulder,-1.2476704,0.25025514,left_elbow,-1.1016061,0.09070956,left_wrist,-0.7665916,-0.16426143,mid_hip,0.0,0.0,right_hip,0.19076473,0.06255825,right_knee,0.7664855,-0.5718463,right_ankle,0.5866208,-0.19390444,left_hip,-0.19076452,-0.06255825,left_knee,0.62656677,-0.63789684,left_ankle,0.51586574,-0.2754172,0,0,0
Fall__Fall_f_raw_b_3_B_N_157_resized,104,C:\Users\ASUS\Downloads\3D_Human_Pose_NCKH\paper_baselines\lin2021_yolov8_lstm_gru\data\paper_skeleton_csv\Fall\Fall_Fall_f_raw_b_3_B_N_157_resized.csv,1,Fall,nose,-1.4256083,0.17709038,neck,-0.95963925,0.2812338,right_shoulder,-0.6464782,0.3704914,right_elbow,-0.04723455,0.3271607,right_wrist,-0.29263273,-0.024969796,left_shoulder,-1.2728003,0.19197617,left_elbow,-1.1533253,0.012897654,left_wrist,-0.7576792,-0.29122424,mid_hip,0.0,0.0,right_hip,0.19499321,0.06392684,right_knee,0.72637194,-0.56765455,right_ankle,0.58839905,-0.24461536,left_hip,-0.19499321,-0.06392684,left_knee,0.59985876,-0.6305209,left_ankle,0.50169563,-0.32858634,0,0,0
Fall__Fall_f_raw_b_3_B_N_157_resized,105,C:\Users\ASUS\Downloads\3D_Human_Pose_NCKH\paper_baselines\lin2021_yolov8_lstm_gru\data\paper_skeleton_csv\Fall\Fall_Fall_f_raw_b_3_B_N_157_resized.csv,1,Fall,nose,-1.3541175,0.09325801,neck,-0.9626864,0.2706193,right_shoulder,-0.6011385,0.3578517,right_elbow,-0.071897835,0.4244607,right_wrist,-0.32387927,-5.874042e-05,left_shoulder,-1.3242344,0.18338694,left_elbow,-1.2361718,0.09251858,left_wrist,-0.84565383,-0.23681146,mid_hip,0.0,0.0,right_hip,0.22854534,0.067941986,right_knee,0.80058795,-0.6056804,right_ankle,0.6860694,-0.30996352,left_hip,-0.22854511,-0.06794177,left_knee,0.6061237,-0.66951716,left_ankle,0.61636937,-0.4178853,0,0,0
Fall__Fall_f_raw_b_3_B_N_157_resized,106,C:\Users\ASUS\Downloads\3D_Human_Pose_NCKH\paper_baselines\lin2021_yolov8_lstm_gru\data\paper_skeleton_csv\Fall\Fall_Fall_f_raw_b_3_B_N_157_resized.csv,1,Fall,nose,-1.1681026,-0.030640803,neck,-0.97364026,0.22808896,right_shoulder,-0.4414653,0.3418439,right_elbow,0.054304287,0.516407,right_wrist,-0.2720508,-0.01590885,left_shoulder,-1.5058151,0.1143343,left_elbow,-1.5358762,0.06849209,left_wrist,-1.0277008,-0.30445638,mid_hip,0.0,0.0,right_hip,0.34137276,0.0927764,right_knee,1.2022641,-0.59452164,right_ankle,1.0206268,-0.47604233,left_hip,-0.34137303,-0.092776686,left_knee,0.86605185,-0.6753904,left_ankle,0.95496243,-0.65225154,0,0,0
Fall__Fall_f_raw_b_3_B_N_157_resized,107,C:\Users\ASUS\Downloads\3D_Human_Pose_NCKH\paper_baselines\lin2021_yolov8_lstm_gru\data\paper_skeleton_csv\Fall\Fall_Fall_f_raw_b_3_B_N_157_resized.csv,1,Fall,nose,-1.4522667,0.024777872,neck,-0.9444894,0.32854187,right_shoulder,-0.36923128,0.42981794,right_elbow,0.9204811,0.43134367,right_wrist,0.6918139,-0.25789085,left_shoulder,-1.5197475,0.22726578,left_elbow,-1.2204125,-0.15673557,left_wrist,-0.2581592,-0.6281101,mid_hip,0.0,0.0,right_hip,0.34310436,0.06749,right_knee,0.11936172,-0.15694314,right_ankle,-0.22012624,-0.41631088,left_hip,-0.34310418,-0.06749,left_knee,-0.20541237,-0.16935931,left_ankle,0.09058831,-0.53068453,0,0,0
Fall__Fall_f_raw_b_3_B_N_157_resized,108,C:\Users\ASUS\Downloads\3D_Human_Pose_NCKH\paper_baselines\lin2021_yolov8_lstm_gru\data\paper_skeleton_csv\Fall\Fall_Fall_f_raw_b_3_B_N_157_resized.csv,1,Fall,nose,-1.3387161,0.30441612,neck,-0.91718054,0.39847195,right_shoulder,-0.65338063,0.5343199,right_elbow,0.010745541,0.5354569,right_wrist,-0.15320823,0.1690755,left_shoulder,-1.1809804,0.26262423,left_elbow,-0.93750054,0.10433224,left_wrist,-0.6811213,-0.08897535,mid_hip,0.0,0.0,right_hip,0.16029327,0.07928778,right_knee,0.49191415,-0.006110563,right_ankle,0.6540855,-0.29022202,left_hip,-0.16029327,-0.079287976,left_knee,0.31012595,-0.09774169,left_ankle,0.5947979,-0.29505977,0,0,0
Fall__Fall_f_raw_b_3_B_N_157_resized,109,C:\Users\ASUS\Downloads\3D_Human_Pose_NCKH\paper_baselines\lin2021_yolov8_lstm_gru\data\paper_skeleton_csv\Fall\Fall_Fall_f_raw_b_3_B_N_157_resized.csv,1,Fall,nose,-1.5497208,-0.006107603,neck,-0.9757851,0.21873178,right_shoulder,-0.53309345,0.31295025,right_elbow,0.67002916,0.33556488,right_wrist,0.45665854,-0.1721333,left_shoulder,-1.4184767,0.124513,left_elbow,-1.1048884,-0.31213444,left_wrist,-0.40729344,-0.62561715,mid_hip,0.0,0.0,right_hip,0.2620747,0.07141761,right_knee,0.26836264,-0.07841038,right_ankle,0.14978844,-0.21803078,left_hip,-0.26207456,-0.07141761,left_knee,-0.0024229118,-0.09259366,left_ankle,0.29681543,-0.37387517,0,0,0
Fall__Fall_f_raw_b_3_B_N_157_resized,110,C:\Users\ASUS\Downloads\3D_Human_Pose_NCKH\paper_baselines\lin2021_yolov8_lstm_gru\data\paper_skeleton_csv\Fall\Fall_Fall_f_raw_b_3_B_N_157_resized.csv,1,Fall,nose,-1.3242954,0.25032744,neck,-0.92870533,0.37081856,right_shoulder,-0.63697684,0.4741149,right_elbow,-0.09454596,0.5628894,right_wrist,-0.29476076,0.2447453,left_shoulder,-1.2204338,0.26752242,left_elbow,-1.0445782,0.21010256,left_wrist,-0.8031803,-0.011777617,mid_hip,0.0,0.0,right_hip,0.18281442,0.07241495,right_knee,0.5347247,-0.075682595,right_ankle,0.6784994,-0.34064752,left_hip,-0.18281442,-0.072415136,left_knee,0.31851032,-0.17743918,left_ankle,0.64727575,-0.41396245,0,0,0
Fall__Fall_f_raw_b_3_B_N_157_resized,111,C:\Users\ASUS\Downloads\3D_Human_Pose_NCKH\paper_baselines\lin2021_yolov8_lstm_gru\data\paper_skeleton_csv\Fall\Fall_Fall_f_raw_b_3_B_N_157_resized.csv,1,Fall,nose,-1.3375862,0.2524539,neck,-0.930233,0.36696953,right_shoulder,-0.6301702,0.46658635,right_elbow,-0.112549566,0.5586931,right_wrist,-0.32561296,0.20392576,left_shoulder,-1.2302957,0.2673529,left_elbow,-1.0640252,0.21339452,left_wrist,-0.81337553,-0.019404208,mid_hip,0.0,0.0,right_hip,0.19054742,0.07026719,right_knee,0.5445337,-0.108795114,right_ankle,0.64359635,-0.39045027,left_hip,-0.19054742,-0.07026719,left_knee,0.31632453,-0.20589748,left_ankle,0.59786,-0.47124702,0,0,0
Fall__Fall_f_raw_b_3_B_N_157_resized,112,C:\Users\ASUS\Downloads\3D_Human_Pose_NCKH\paper_baselines\lin2021_yolov8_lstm_gru\data\paper_skeleton_csv\Fall\Fall_Fall_f_raw_b_3_B_N_157_resized.csv,1,Fall,nose,-1.1980375,0.17271924,neck,-0.9507662,0.30990893,right_shoulder,-0.54516834,0.42506948,right_elbow,0.032423284,0.5272196,right_wrist,-0.22633071,0.14797962,left_shoulder,-1.3563641,0.19474834,left_elbow,-1.2538217,0.13390331,left_wrist,-0.8643399,-0.15865697,mid_hip,0.0,0.0,right_hip,0.25494727,0.091412745,right_knee,0.8850818,-0.21969886,right_ankle,1.0386361,-0.5586953,left_hip,-0.25494704,-0.091412514,left_knee,0.6255909,-0.3357377,left_ankle,1.0287524,-0.6871914,0,0,0
Fall__Fall_f_raw_b_3_B_N_157_resized,113,C:\Users\ASUS\Downloads\3D_Human_Pose_NCKH\paper_baselines\lin2021_yolov8_lstm_gru\data\paper_skeleton_csv\Fall\Fall_Fall_f_raw_b_3_B_N_157_resized.csv,1,Fall,nose,-1.1059984,0.14359353,neck,-0.9486891,0.31621018,right_shoulder,-0.5039931,0.43144086,right_elbow,0.02955138,0.55625916,right_wrist,-0.2671559,0.12894395,left_shoulder,-1.3933852,0.20097974,left_elbow,-1.318965,0.1448648,left_wrist,-0.91812766,-0.18087408,mid_hip,0.0,0.0,right_hip,0.28376645,0.09025117,right_knee,0.9190615,-0.2657809,right_ankle,1.0064639,-0.5537098,left_hip,-0.2837667,-0.09025094,left_knee,0.6177571,-0.35660702,left_ankle,0.9982779,-0.65235156,0,0,0
Fall__Fall_f_raw_b_3_B_N_157_resized,114,C:\Users\ASUS\Downloads\3D_Human_Pose_NCKH\paper_baselines\lin2021_yolov8_lstm_gru\data\paper_skeleton_csv\Fall\Fall_Fall_f_raw_b_3_B_N_157_resized.csv,1,Fall,nose,-1.364851,0.22795369,neck,-0.9448325,0.3275538,right_shoulder,-0.6517342,0.44036,right_elbow,-0.029416854,0.41858813,right_wrist,-0.23883535,0.08352622,left_shoulder,-1.237931,0.21474764,left_elbow,-1.075556,0.05621625,left_wrist,-0.7650301,-0.17739683,mid_hip,0.0,0.0,right_hip,0.17820513,0.07872554,right_knee,0.69170153,-0.203851,right_ankle,0.8326947,-0.5448469,left_hip,-0.17820513,-0.078725345,left_knee,0.5328826,-0.29466996,left_ankle,0.80480856,-0.6105706,0,0,0
Fall__Fall_f_raw_b_3_B_N_157_resized,115,C:\Users\ASUS\Downloads\3D_Human_Pose_NCKH\paper_baselines\lin2021_yolov8_lstm_gru\data\paper_skeleton_csv\Fall\Fall_Fall_f_raw_b_3_B_N_157_resized.csv,1,Fall,nose,-1.3180203,0.30289936,neck,-0.9231038,0.38455102,right_shoulder,-0.66875845,0.5033194,right_elbow,-0.042050425,0.5014058,right_wrist,-0.25776842,0.14371009,left_shoulder,-1.1774492,0.26578268,left_elbow,-0.972435,0.12548913,left_wrist,-0.7298728,-0.08128461,mid_hip,0.0,0.0,right_hip,0.1504489,0.07752591,right_knee,0.5855758,-0.03840241,right_ankle,0.6761107,-0.3277782,left_hip,-0.1504489,-0.07752591,left_knee,0.46160734,-0.13545176,left_ankle,0.6765862,-0.39944217,0,0,0
Fall__Fall_f_raw_b_3_B_N_157_resized,116,C:\Users\ASUS\Downloads\3D_Human_Pose_NCKH\paper_baselines\lin2021_yolov8_lstm_gru\data\paper_skeleton_csv\Fall\Fall_Fall_f_raw_b_3_B_N_157_resized.csv,1,Fall,nose,-1.3050824,0.29887733,neck,-0.926409,0.37651876,right_shoulder,-0.6854646,0.4966685,right_elbow,-0.08346112,0.48710793,right_wrist,-0.28641886,0.1470672,left_shoulder,-1.1673535,0.256369,left_elbow,-0.9643415,0.120333135,left_wrist,-0.73944575,-0.061574686,mid_hip,0.0,0.0,right_hip,0.14236178,0.07615511,right_knee,0.501718,-0.013910041,right_ankle,0.58797044,-0.27459797,left_hip,-0.14236178,-0.07615529,left_knee,0.3960152,-0.111306496,left_ankle,0.58170474,-0.3395586,0,0,0
Fall__Fall_f_raw_b_3_B_N_157_resized,117,C:\Users\ASUS\Downloads\3D_Human_Pose_NCKH\paper_baselines\lin2021_yolov8_lstm_gru\data\paper_skeleton_csv\Fall\Fall_Fall_f_raw_b_3_B_N_157_resized.csv,1,Fall,nose,-1.331073,0.20404486,neck,-0.9504143,0.31098652,right_shoulder,-0.68406415,0.43293604,right_elbow,-0.062197372,0.39251477,right_wrist,-0.26856545,0.07314208,left_shoulder,-1.2167645,0.18903698,left_elbow,-1.0430667,0.023753522,left_wrist,-0.7744745,-0.17132352,mid_hip,0.0,0.0,right_hip,0.1584252,0.07897985,right_knee,0.5527208,-0.117953666,right_ankle,0.65291727,-0.41618463,left_hip,-0.15842502,-0.07897967,left_knee,0.44723937,-0.21524176,left_ankle,0.65063864,-0.47842783,0,0,0
Fall__Fall_f_raw_b_3_B_N_157_resized,118,C:\Users\ASUS\Downloads\3D_Human_Pose_NCKH\paper_baselines\lin2021_yolov8_lstm_gru\data\paper_skeleton_csv\Fall\Fall_Fall_f_raw_b_3_B_N_157_resized.csv,1,Fall,nose,-1.5188454,-0.082862854,neck,-0.98012376,0.19838704,right_shoulder,-0.5393745,0.28411552,right_elbow,0.44180647,0.18308479,right_wrist,0.20834722,-0.25029394,left_shoulder,-1.4208732,0.11265856,left_elbow,-1.2166702,-0.26075307,left_wrist,-0.6228445,-0.5917764,mid_hip,0.0,0.0,right_hip,0.26228288,0.066415295,right_knee,0.19198482,-0.06823626,right_ankle,0.10359847,-0.22894472,left_hip,-0.26228273,-0.066415586,left_knee,-0.035156786,-0.13081443,left_ankle,0.20556763,-0.35263768,0,0,0
Fall__Fall_f_raw_b_3_B_N_157_resized,119,C:\Users\ASUS\Downloads\3D_Human_Pose_NCKH\paper_baselines\lin2021_yolov8_lstm_gru\data\paper_skeleton_csv\Fall\Fall_Fall_f_raw_b_3_B_N_157_resized.csv,1,Fall,nose,-1.4901501,-0.08339387,neck,-0.978757,0.20502377,right_shoulder,-0.60006326,0.2668928,right_elbow,0.32895687,0.11192834,right_wrist,0.17349555,-0.28195277,left_shoulder,-1.3574507,0.14315474,left_elbow,-1.1723255,-0.238018,left_wrist,-0.5861906,-0.5820173,mid_hip,0.0,0.0,right_hip,0.22607835,0.05543812,right_knee,0.23602764,-0.12591867,right_ankle,0.20058946,-0.25343642,left_hip,-0.22607835,-0.05543812,left_knee,-0.004485265,-0.14447042,left_ankle,0.23971026,-0.32393312,0,0,0
